ID,Member,Order,SKU
1,SSCEHNS,8069966,15668377
2,SSCEHNS,8069966,7580823
3,SSCEHNS,8069966,15669772
4,SSCEHNS,8069966,15668416
5,SSCEHNS,8069966,15669767
6,SSCESNS,8071554,15668462
7,SSCESNS,8071554,15668381
8,SSCESNS,8071554,15668453
9,SSCESNS,8071554,15668468
10,SSCESNS,8071554,15668416
11,SSCEWZO,8099849,15669760
12,SSCEWZO,8099849,34987566
13,SSCEWZO,8099849,15669789
14,SSCEWZO,8099849,15669774
15,SSCEWZO,8099849,34986112
16,SSCHNCE,8144965,15669767
17,SSCHNCE,8144965,15669823
18,SSCHNCE,8144965,15669873
19,SSCHNCE,8144965,15669821
20,SSCHNCE,8144965,15669870
21,SSCLCSW,8070710,15669878
22,SSCLCSW,8070710,15668468
23,SSCLCSW,8070710,15669764
24,SSCLCSW,8070710,15669778
25,SSCLCSW,8070710,15668377
26,SSCLLWS,8195898,15670251
27,SSCLLWS,8195898,15670246
28,SSCLLWS,8195898,15670250
29,SSCLLWS,8195898,15670252
30,SSCLLWS,8195898,15670254
31,SSCLSCL,8080057,15668473
32,SSCLSCL,8080057,15668453
33,SSCLSCL,8080057,15668458
34,SSCLSCL,8080057,15668460
35,SSCLSCL,8080057,15668463
36,SSCLWOR,8245100,15668467
37,SSCLWOR,8245100,15670157
38,SSCLWOR,8245100,15668685
39,SSCLWOR,8245100,15668471
40,SSCLWOR,8245100,15668688
41,SSCNHZN,8165327,15668471
42,SSCNHZN,8165327,15668379
43,SSCNHZN,8165327,15668520
44,SSCNHZN,8165327,15668465
45,SSCNHZN,8165327,15668381
46,SSCNLEC,8183211,15668458
47,SSCNLEC,8183211,15668381
48,SSCNLEC,8183211,15668469
49,SSCNLEC,8183211,15668688
50,SSCNLEC,8183211,15668463
51,SSCRENS,8091771,15668381
52,SSCRENS,8091771,15669988
53,SSCRENS,8091771,15669778
54,SSCRENS,8091771,15668685
55,SSCRENS,8091771,15669777
56,SSCRESN,8087471,15668460
57,SSCRESN,8087471,15668457
58,SSCRESN,8087471,15669878
59,SSCRESN,8087471,15668381
60,SSCRESN,8087471,34992815
61,SSCRHLH,8173709,15669777
62,SSCRHLH,8173709,15669869
63,SSCRHLH,8173709,15669880
64,SSCRHLH,8173709,15669818
65,SSCRHLH,8173709,15669832
66,SSCRRRE,8094702,15668379
67,SSCRRRE,8094702,15668467
68,SSCRRRE,8094702,15668478
69,SSCRRRE,8094702,15669769
70,SSCRRRE,8094702,15669778
71,SSCRSWO,8087273,15668458
72,SSCRSWO,8087273,15668460
73,SSCRSWO,8087273,15668465
74,SSCRSWO,8087273,15669864
75,SSCRSWO,8087273,15669763
76,SSCRSZS,8209386,15670267
77,SSCRSZS,8209386,15669866
78,SSCRSZS,8209386,15669817
79,SSCRSZS,8209386,21409002
80,SSCRSZS,8209386,34992815
81,SSCSENO,8106451,15668460
82,SSCSENO,8106451,15668416
83,SSCSENO,8106451,15668463
84,SSCSENO,8106451,15669961
85,SSCSENO,8106451,7572254
86,SSCSLSN,8116158,15669818
87,SSCSLSN,8116158,15669863
88,SSCSLSN,8116158,15669780
89,SSCSLSN,8116158,15669857
90,SSCSLSN,8116158,15669823
91,SSCSLWN,8085297,15668381
92,SSCSLWN,8085297,15669814
93,SSCSLWN,8085297,15669776
94,SSCSLWN,8085297,15669821
95,SSCSLWN,8085297,15669832
96,SSCWNSN,8083038,15669790
97,SSCWNSN,8083038,15669760
98,SSCWNSN,8083038,15669869
99,SSCWNSN,8083038,15669859
100,SSCWNSN,8083038,15669804
101,SSCWORR,8077366,15669778
102,SSCWORR,8077366,15669861
103,SSCWORR,8077366,15668460
104,SSCWORR,8077366,15669823
105,SSCWORR,8077366,15669869
106,SSCZESH,8066070,15668379
107,SSCZESH,8066070,15669869
108,SSCZESH,8066070,15669772
109,SSCZESH,8066070,15668378
110,SSCZESH,8066070,15668460
111,SSCZOHR,8115812,15668381
112,SSCZOHR,8115812,15668688
113,SSCZOHR,8115812,15669878
114,SSCZOHR,8115812,34987567
115,SSCZOHR,8115812,15668460
116,SSCZRCZ,8087495,15668521
117,SSCZRCZ,8087495,34990774
118,SSCZRCZ,8087495,15668685
119,SSCZRCZ,8087495,7569805
120,SSCZRCZ,8087495,15669789
121,SSCZSEE,8102389,15668381
122,SSCZSEE,8102389,15670271
123,SSCZSEE,8102389,15669777
124,SSCZSEE,8102389,15668449
125,SSCZSEE,8102389,15669814
126,SSECELH,8133089,15668469
127,SSECELH,8133089,15668462
128,SSECELH,8133089,15668688
129,SSECELH,8133089,15668465
130,SSECELH,8133089,15668378
131,SSEHHWW,8091884,15669878
132,SSEHHWW,8091884,7580802
133,SSEHHWW,8091884,21408952
134,SSEHHWW,8091884,15669856
135,SSEHHWW,8091884,15669772
136,SSEHLRW,8101071,15668379
137,SSEHLRW,8101071,15668381
138,SSEHLRW,8101071,7729965
139,SSEHLRW,8101071,15668377
140,SSEHLRW,8101071,15669777
141,SSENHNN,8097385,15668478
142,SSENHNN,8097385,15668381
143,SSENHNN,8097385,15668460
144,SSENHNN,8097385,15668379
145,SSENHNN,8097385,15668685
146,SSEOLNO,8074536,15669856
147,SSEOLNO,8074536,15669815
148,SSEOLNO,8074536,15669869
149,SSEOLNO,8074536,15668462
150,SSEOLNO,8074536,15670267
151,SSERELN,8133653,15668465
152,SSERELN,8133653,15668381
153,SSERELN,8133653,15669887
154,SSERELN,8133653,15668458
155,SSERELN,8133653,15669878
156,SSERNHC,8182610,15669790
157,SSERNHC,8182610,15669777
158,SSERNHC,8182610,15669872
159,SSERNHC,8182610,15669863
160,SSERNHC,8182610,15669869
161,SSESNZL,8093760,15669806
162,SSESNZL,8093760,15669856
163,SSESNZL,8093760,15668520
164,SSESNZL,8093760,15668478
165,SSESNZL,8093760,15668416
166,SSEWSRE,8127465,15668460
167,SSEWSRE,8127465,15669777
168,SSEWSRE,8127465,15669830
169,SSEWSRE,8127465,15669869
170,SSEWSRE,8127465,15668469
171,SSEWSWC,8109601,15669869
172,SSEWSWC,8109601,15669804
173,SSEWSWC,8109601,15669780
174,SSEWSWC,8109601,15669832
175,SSEWSWC,8109601,15669969
176,SSHCESW,8065445,15668381
177,SSHCESW,8065445,15668494
178,SSHCESW,8065445,15668378
179,SSHCESW,8065445,15668478
180,SSHCESW,8065445,15668465
181,SSHCNOH,8074318,92388008
182,SSHCNOH,8074318,21409125
183,SSHCNOH,8074318,15668460
184,SSHCNOH,8074318,7599091
185,SSHCNOH,8074318,7585573
186,SSHEECO,8120360,15668460
187,SSHEECO,8120360,15669760
188,SSHEECO,8120360,15668379
189,SSHEECO,8120360,15668451
190,SSHEECO,8120360,15668468
191,SSHHZRO,8083255,15668381
192,SSHHZRO,8083255,15669869
193,SSHHZRO,8083255,15668469
194,SSHHZRO,8083255,15668687
195,SSHHZRO,8083255,15668463
196,SSHOZRZ,8078727,15669880
197,SSHOZRZ,8078727,15669857
198,SSHOZRZ,8078727,15669872
199,SSHOZRZ,8078727,15669869
200,SSHOZRZ,8078727,15669780
201,SSLEZWR,8085270,15668478
202,SSLEZWR,8085270,15669886
203,SSLEZWR,8085270,15668378
204,SSLEZWR,8085270,15669814
205,SSLEZWR,8085270,15668467
206,SSLLLRR,8096786,15669767
207,SSLLLRR,8096786,15669781
208,SSLLLRR,8096786,15669776
209,SSLLLRR,8096786,15669771
210,SSLLLRR,8096786,15669861
211,SSLLLZC,8083432,15669780
212,SSLLLZC,8083432,15668467
213,SSLLLZC,8083432,15669872
214,SSLLLZC,8083432,15669863
215,SSLLLZC,8083432,15668380
216,SSLLREN,8149114,15669780
217,SSLLREN,8149114,15669775
218,SSLLREN,8149114,15668688
219,SSLLREN,8149114,7577678
220,SSLLREN,8149114,15668478
221,SSLLRLL,8345860,21409004
222,SSLLRLL,8345860,15670269
223,SSLLRLL,8345860,7569802
224,SSLLRLL,8345860,15669769
225,SSLLRLL,8345860,29247044
226,SSLLWWZ,8201012,15668466
227,SSLLWWZ,8201012,15668688
228,SSLLWWZ,8201012,15668465
229,SSLLWWZ,8201012,15668460
230,SSLLWWZ,8201012,15668377
231,SSLLZCO,8195870,15668381
232,SSLLZCO,8195870,15668379
233,SSLLZCO,8195870,15668478
234,SSLLZCO,8195870,15668684
235,SSLLZCO,8195870,15668462
236,SSLNESH,8071092,15668465
237,SSLNESH,8071092,15668494
238,SSLNESH,8071092,15668462
239,SSLNESH,8071092,7580823
240,SSLNESH,8071092,15668460
241,SSLNHHC,8089109,15669777
242,SSLNHHC,8089109,15669780
243,SSLNHHC,8089109,15669772
244,SSLNHHC,8089109,15669804
245,SSLNHHC,8089109,15669857
246,SSLOEEO,8106023,15668381
247,SSLOEEO,8106023,15668465
248,SSLOEEO,8106023,15670251
249,SSLOEEO,8106023,15669771
250,SSLOEEO,8106023,15668379
251,SSLOLSS,8273082,15670260
252,SSLOLSS,8273082,15668478
253,SSLOLSS,8273082,15668468
254,SSLOLSS,8273082,15668379
255,SSLOLSS,8273082,15668460
256,SSLOZSC,8220172,15668467
257,SSLOZSC,8220172,15669887
258,SSLOZSC,8220172,15669818
259,SSLOZSC,8220172,7577678
260,SSLOZSC,8220172,15668381
261,SSLRELN,8283998,15668379
262,SSLRELN,8283998,15668381
263,SSLRELN,8283998,15668460
264,SSLRELN,8283998,15669778
265,SSLRELN,8283998,34986328
266,SSLREZW,8101018,15670260
267,SSLREZW,8101018,15670252
268,SSLREZW,8101018,15668466
269,SSLREZW,8101018,15670196
270,SSLREZW,8101018,15670163
271,SSLRHNL,8166326,15668688
272,SSLRHNL,8166326,15668458
273,SSLRHNL,8166326,15668381
274,SSLRHNL,8166326,15668460
275,SSLRHNL,8166326,15668519
276,SSLRSWO,7469858,15668379
277,SSLRSWO,7469858,93141092
278,SSLRSWO,7469858,7593949
279,SSLRSWO,7469858,15668465
280,SSLRSWO,7469858,93141023
281,SSLSLHL,8123487,15668460
282,SSLSLHL,8123487,15668381
283,SSLSLHL,8123487,15668688
284,SSLSLHL,8123487,15669878
285,SSLSLHL,8123487,15669786
286,SSLSNCH,8120853,15668379
287,SSLSNCH,8120853,15668378
288,SSLSNCH,8120853,15668416
289,SSLSNCH,8120853,15669824
290,SSLSNCH,8120853,15668478
291,SSLSWRE,8263472,15668460
292,SSLSWRE,8263472,15670269
293,SSLSWRE,8263472,15669762
294,SSLSWRE,8263472,21409004
295,SSLSWRE,8263472,15670267
296,SSLSZNC,8188075,15668460
297,SSLSZNC,8188075,15669866
298,SSLSZNC,8188075,15668458
299,SSLSZNC,8188075,15669772
300,SSLSZNC,8188075,15669780
301,SSLSZZE,7435518,15670241
302,SSLSZZE,7435518,15668379
303,SSLSZZE,7435518,15669870
304,SSLSZZE,7435518,15669878
305,SSLSZZE,7435518,15670251
306,SSLWEEZ,8102328,15668460
307,SSLWEEZ,8102328,15669859
308,SSLWEEZ,8102328,15669863
309,SSLWEEZ,8102328,15668478
310,SSLWEEZ,8102328,15669856
311,SSLWESH,7399616,15670260
312,SSLWESH,7399616,15668495
313,SSLWESH,7399616,15670250
314,SSLWESH,7399616,15668688
315,SSLWESH,7399616,15670241
316,SSLWESO,8133880,15668465
317,SSLWESO,8133880,15670252
318,SSLWESO,8133880,15668381
319,SSLWESO,8133880,15670260
320,SSLWESO,8133880,15668460
321,SSLWHRH,8122344,15668381
322,SSLWHRH,8122344,15668688
323,SSLWHRH,8122344,15669884
324,SSLWHRH,8122344,15668465
325,SSLWHRH,8122344,15669878
326,SSLWWWH,8285181,15669869
327,SSLWWWH,8285181,15668460
328,SSLWWWH,8285181,15669772
329,SSLWWWH,8285181,15668378
330,SSLWWWH,8285181,15669817
331,SSLZLCS,8096811,15668460
332,SSLZLCS,8096811,15668467
333,SSLZLCS,8096811,15668451
334,SSLZLCS,8096811,15668688
335,SSLZLCS,8096811,15668470
336,SSLZROS,8289766,15670269
337,SSLZROS,8289766,15668381
338,SSLZROS,8289766,15668460
339,SSLZROS,8289766,15668458
340,SSLZROS,8289766,21408947
341,SSLZROW,8226887,15668460
342,SSLZROW,8226887,15668379
343,SSLZROW,8226887,15668688
344,SSLZROW,8226887,7585571
345,SSLZROW,8226887,15668468
346,SSLZWEN,8065400,15668381
347,SSLZWEN,8065400,15668465
348,SSLZWEN,8065400,15668688
349,SSLZWEN,8065400,7580802
350,SSLZWEN,8065400,15669856
351,SSNCONE,8141684,15669821
352,SSNCONE,8141684,15668460
353,SSNCONE,8141684,15668381
354,SSNCONE,8141684,7637309
355,SSNCONE,8141684,15669869
356,SSNCRLW,8353991,15668460
357,SSNCRLW,8353991,15669760
358,SSNCRLW,8353991,15668457
359,SSNCRLW,8353991,15669763
360,SSNCRLW,8353991,34986125
361,SSNCWZO,8083081,15670250
362,SSNCWZO,8083081,15670144
363,SSNCWZO,8083081,15670252
364,SSNCWZO,8083081,15668468
365,SSNCWZO,8083081,15670241
366,SSNCZRL,8228587,15668688
367,SSNCZRL,8228587,15668465
368,SSNCZRL,8228587,15668381
369,SSNCZRL,8228587,15669782
370,SSNCZRL,8228587,15669861
371,SSNEHZR,8096305,15669884
372,SSNEHZR,8096305,34986129
373,SSNEHZR,8096305,15669869
374,SSNEHZR,8096305,15669880
375,SSNEHZR,8096305,15669760
376,SSNENRR,8355249,15668688
377,SSNENRR,8355249,15669965
378,SSNENRR,8355249,15668685
379,SSNENRR,8355249,15669887
380,SSNENRR,8355249,15669780
381,SSNERHE,8269483,15669780
382,SSNERHE,8269483,15669821
383,SSNERHE,8269483,15669769
384,SSNERHE,8269483,15669778
385,SSNERHE,8269483,15669869
386,SSNHNOE,8201626,15669832
387,SSNHNOE,8201626,15669872
388,SSNHNOE,8201626,15669814
389,SSNHNOE,8201626,15668460
390,SSNHNOE,8201626,15669781
391,SSNLCOZ,8230221,15668469
392,SSNLCOZ,8230221,15668458
393,SSNLCOZ,8230221,15669887
394,SSNLCOZ,8230221,15669861
395,SSNLCOZ,8230221,15670267
396,SSNLSZE,8124751,15668460
397,SSNLSZE,8124751,15668478
398,SSNLSZE,8124751,15668379
399,SSNLSZE,8124751,15668381
400,SSNLSZE,8124751,15668494
401,SSNLZHH,8080596,7572312
402,SSNLZHH,8080596,15668480
403,SSNLZHH,8080596,15668688
404,SSNLZHH,8080596,15669772
405,SSNLZHH,8080596,15669863
406,SSNNLRW,8087274,15669863
407,SSNNLRW,8087274,15669835
408,SSNNLRW,8087274,15668460
409,SSNNLRW,8087274,15669760
410,SSNNLRW,8087274,15668458
411,SSNNSRR,8256966,15669777
412,SSNNSRR,8256966,15669857
413,SSNNSRR,8256966,15670267
414,SSNNSRR,8256966,15669869
415,SSNNSRR,8256966,15669781
416,SSNNWWW,8335367,15668460
417,SSNNWWW,8335367,15668478
418,SSNNWWW,8335367,15668378
419,SSNNWWW,8335367,15669866
420,SSNNWWW,8335367,15668688
421,SSNOEEZ,8280275,15669799
422,SSNOEEZ,8280275,15670267
423,SSNOEEZ,8280275,15669774
424,SSNOEEZ,8280275,15669814
425,SSNOEEZ,8280275,15669760
426,SSNOOZL,8269205,29247044
427,SSNOOZL,8269205,15668460
428,SSNOOZL,8269205,15668521
429,SSNOOZL,8269205,15669821
430,SSNOOZL,8269205,7578341
431,SSNORLN,8101260,15668460
432,SSNORLN,8101260,15668469
433,SSNORLN,8101260,15668378
434,SSNORLN,8101260,15668416
435,SSNORLN,8101260,15668467
436,SSNOSCZ,8106715,15669957
437,SSNOSCZ,8106715,15668467
438,SSNOSCZ,8106715,15668378
439,SSNOSCZ,8106715,15670007
440,SSNOSCZ,8106715,15668688
441,SSNOWOC,8084987,15668688
442,SSNOWOC,8084987,15669996
443,SSNOWOC,8084987,15668460
444,SSNOWOC,8084987,15669881
445,SSNOWOC,8084987,15668378
446,SSNOWZE,8353451,15668467
447,SSNOWZE,8353451,15669988
448,SSNOWZE,8353451,15669869
449,SSNOWZE,8353451,15669878
450,SSNOWZE,8353451,15668460
451,SSNOZHH,8069214,15668460
452,SSNOZHH,8069214,15669869
453,SSNOZHH,8069214,15669863
454,SSNOZHH,8069214,15670269
455,SSNOZHH,8069214,15670267
456,SSNRHCO,8142419,7718555
457,SSNRHCO,8142419,15669872
458,SSNRHCO,8142419,15669814
459,SSNRHCO,8142419,7753742
460,SSNRHCO,8142419,15669887
461,SSNSCNE,8219465,15668379
462,SSNSCNE,8219465,15668467
463,SSNSCNE,8219465,15668460
464,SSNSCNE,8219465,15668474
465,SSNSCNE,8219465,15668449
466,SSNSECH,8080319,15668688
467,SSNSECH,8080319,15668381
468,SSNSECH,8080319,15669777
469,SSNSECH,8080319,15668460
470,SSNSECH,8080319,15669832
471,SSNWCSH,8192768,15668381
472,SSNWCSH,8192768,15670269
473,SSNWCSH,8192768,15668379
474,SSNWCSH,8192768,15669760
475,SSNWCSH,8192768,15668460
476,SSNZCOL,8237822,15668469
477,SSNZCOL,8237822,15668377
478,SSNZCOL,8237822,15670267
479,SSNZCOL,8237822,15668378
480,SSNZCOL,8237822,15668688
481,SSNZEHL,8192783,15668379
482,SSNZEHL,8192783,7689353
483,SSNZEHL,8192783,15669777
484,SSNZEHL,8192783,34986125
485,SSNZEHL,8192783,15668688
486,SSNZRZN,8213907,34987566
487,SSNZRZN,8213907,15669804
488,SSNZRZN,8213907,15669878
489,SSNZRZN,8213907,15669776
490,SSNZRZN,8213907,15669864
491,SSOCCSO,8317527,29247044
492,SSOCCSO,8317527,7572300
493,SSOCCSO,8317527,15669881
494,SSOCCSO,8317527,7569806
495,SSOCCSO,8317527,7569801
496,SSOCCZS,8336250,15669817
497,SSOCCZS,8336250,15669870
498,SSOCCZS,8336250,15669884
499,SSOCCZS,8336250,15669961
500,SSOCCZS,8336250,15669781
501,SSOEHNL,8288803,15668381
502,SSOEHNL,8288803,15668379
503,SSOEHNL,8288803,15668462
504,SSOEHNL,8288803,15668478
505,SSOEHNL,8288803,15668460
506,SSOELRH,8209866,15669777
507,SSOELRH,8209866,15669821
508,SSOELRH,8209866,15668465
509,SSOELRH,8209866,15669872
510,SSOELRH,8209866,15669789
511,SSOEZWZ,8086954,15670269
512,SSOEZWZ,8086954,15668460
513,SSOEZWZ,8086954,15669777
514,SSOEZWZ,8086954,15669817
515,SSOEZWZ,8086954,21409004
516,SSOHCZO,8114312,15668688
517,SSOHCZO,8114312,15668460
518,SSOHCZO,8114312,15668378
519,SSOHCZO,8114312,93176431
520,SSOHCZO,8114312,15668381
521,SSOHWHC,8101813,15668688
522,SSOHWHC,8101813,15668469
523,SSOHWHC,8101813,15668377
524,SSOHWHC,8101813,15668378
525,SSOHWHC,8101813,15669866
526,SSOHWLN,8146703,15669857
527,SSOHWLN,8146703,15670267
528,SSOHWLN,8146703,15669886
529,SSOHWLN,8146703,15669869
530,SSOHWLN,8146703,15669832
531,SSOHZHS,8069625,15669776
532,SSOHZHS,8069625,15669777
533,SSOHZHS,8069625,15669790
534,SSOHZHS,8069625,15669781
535,SSOHZHS,8069625,15669771
536,SSONEOS,8179077,15669881
537,SSONEOS,8179077,15668381
538,SSONEOS,8179077,15669864
539,SSONEOS,8179077,15669863
540,SSONEOS,8179077,15668378
541,SSONROH,8124069,15668381
542,SSONROH,8124069,15668519
543,SSONROH,8124069,15668688
544,SSONROH,8124069,15668462
545,SSONROH,8124069,34986125
546,SSONRWS,8152370,34986125
547,SSONRWS,8152370,15668468
548,SSONRWS,8152370,15669760
549,SSONRWS,8152370,15668478
550,SSONRWS,8152370,15669780
551,SSOOWNN,8084980,15668460
552,SSOOWNN,8084980,15669764
553,SSOOWNN,8084980,15669872
554,SSOOWNN,8084980,15668688
555,SSOOWNN,8084980,15668379
556,SSORZCC,8064972,15669856
557,SSORZCC,8064972,21408952
558,SSORZCC,8064972,15669881
559,SSORZCC,8064972,15669857
560,SSORZCC,8064972,15669764
561,SSOSHZS,8177589,15668478
562,SSOSHZS,8177589,15668465
563,SSOSHZS,8177589,15668473
564,SSOSHZS,8177589,15668378
565,SSOSHZS,8177589,15669780
566,SSOSOCH,8067980,15669880
567,SSOSOCH,8067980,15669767
568,SSOSOCH,8067980,15670267
569,SSOSOCH,8067980,15669777
570,SSOSOCH,8067980,15669821
571,SSOSOEC,8073939,15668379
572,SSOSOEC,8073939,15668478
573,SSOSOEC,8073939,7569801
574,SSOSOEC,8073939,15668480
575,SSOSOEC,8073939,15669778
576,SSOWEOO,8063597,15669832
577,SSOWEOO,8063597,15669769
578,SSOWEOO,8063597,15669878
579,SSOWEOO,8063597,15669866
580,SSOWEOO,8063597,15669780
581,SSRCCNE,8099163,34986328
582,SSRCCNE,8099163,21409004
583,SSRCCNE,8099163,15669832
584,SSRCCNE,8099163,15669763
585,SSRCCNE,8099163,15668378
586,SSRCENS,8064480,15668465
587,SSRCENS,8064480,15669859
588,SSRCENS,8064480,15668378
589,SSRCENS,8064480,15669786
590,SSRCENS,8064480,15668377
591,SSRCEWZ,8108141,15669856
592,SSRCEWZ,8108141,15669860
593,SSRCEWZ,8108141,93141092
594,SSRCEWZ,8108141,15669977
595,SSRCEWZ,8108141,15669765
596,SSRCHSH,8163444,15668460
597,SSRCHSH,8163444,15668379
598,SSRCHSH,8163444,15668458
599,SSRCHSH,8163444,15668467
600,SSRCHSH,8163444,15669777
601,SSRCRSO,8202458,15668378
602,SSRCRSO,8202458,15669861
603,SSRCRSO,8202458,15668494
604,SSRCRSO,8202458,15668469
605,SSRCRSO,8202458,34986129
606,SSRENRS,8341901,15668381
607,SSRENRS,8341901,15668688
608,SSRENRS,8341901,15669864
609,SSRENRS,8341901,15669763
610,SSRENRS,8341901,15669872
611,SSRENSN,8102497,15668460
612,SSRENSN,8102497,15668381
613,SSRENSN,8102497,15668467
614,SSRENSN,8102497,15668379
615,SSRENSN,8102497,15668688
616,SSRENSZ,8069362,15668465
617,SSRENSZ,8069362,15668462
618,SSRENSZ,8069362,15668451
619,SSRENSZ,8069362,15668467
620,SSRENSZ,8069362,15668379
621,SSRHCOW,8289377,15668379
622,SSRHCOW,8289377,15669872
623,SSRHCOW,8289377,15668688
624,SSRHCOW,8289377,15668467
625,SSRHCOW,8289377,15669880
626,SSRHCRS,8190023,15668416
627,SSRHCRS,8190023,15668688
628,SSRHCRS,8190023,15668449
629,SSRHCRS,8190023,15670251
630,SSRHCRS,8190023,15668460
631,SSRHNHL,8076187,15668685
632,SSRHNHL,8076187,15668465
633,SSRHNHL,8076187,15668379
634,SSRHNHL,8076187,15668455
635,SSRHNHL,8076187,15668473
636,SSRHSRW,8181093,15668466
637,SSRHSRW,8181093,15668381
638,SSRHSRW,8181093,15668685
639,SSRHSRW,8181093,15668494
640,SSRHSRW,8181093,15669777
641,SSRLORR,8099217,15668379
642,SSRLORR,8099217,15668465
643,SSRLORR,8099217,15669780
644,SSRLORR,8099217,15668458
645,SSRLORR,8099217,15669879
646,SSRLWLN,8132311,15669769
647,SSRLWLN,8132311,15669764
648,SSRLWLN,8132311,92380533
649,SSRLWLN,8132311,15669762
650,SSRLWLN,8132311,15669783
651,SSRNLNN,8065270,15669776
652,SSRNLNN,8065270,15669857
653,SSRNLNN,8065270,15669821
654,SSRNLNN,8065270,21408952
655,SSRNLNN,8065270,15669856
656,SSRORNN,8282341,15668468
657,SSRORNN,8282341,15668467
658,SSRORNN,8282341,15668378
659,SSRORNN,8282341,15668381
660,SSRORNN,8282341,15668473
661,SSRRCCE,8247472,15668379
662,SSRRCCE,8247472,15668468
663,SSRRCCE,8247472,92387970
664,SSRRCCE,8247472,15668685
665,SSRRCCE,8247472,15668460
666,SSRRHLE,8100379,15668381
667,SSRRHLE,8100379,34990774
668,SSRRHLE,8100379,15669780
669,SSRRHLE,8100379,7569801
670,SSRRHLE,8100379,7653522
671,SSRRSOZ,8170383,15669776
672,SSRRSOZ,8170383,15669881
673,SSRRSOZ,8170383,15669965
674,SSRRSOZ,8170383,15669818
675,SSRRSOZ,8170383,15669861
676,SSRRZSO,8137302,15669880
677,SSRRZSO,8137302,15669857
678,SSRRZSO,8137302,15669814
679,SSRRZSO,8137302,15669772
680,SSRRZSO,8137302,15668379
681,SSRSNWR,7387995,15668460
682,SSRSNWR,7387995,15668466
683,SSRSNWR,7387995,15669777
684,SSRSNWR,7387995,15669775
685,SSRSNWR,7387995,15668453
686,SSRSRSO,8352895,15669776
687,SSRSRSO,8352895,15669817
688,SSRSRSO,8352895,15670267
689,SSRSRSO,8352895,15669778
690,SSRSRSO,8352895,15670269
691,SSRWCWC,8070264,15668460
692,SSRWCWC,8070264,15668381
693,SSRWCWC,8070264,15669856
694,SSRWCWC,8070264,7735707
695,SSRWCWC,8070264,15669910
696,SSRWONW,8265380,15669856
697,SSRWONW,8265380,15669824
698,SSRWONW,8265380,15669996
699,SSRWONW,8265380,7625556
700,SSRWONW,8265380,15670267
701,SSRWWCE,8216673,15669777
702,SSRWWCE,8216673,15669780
703,SSRWWCE,8216673,15669764
704,SSRWWCE,8216673,15668684
705,SSRWWCE,8216673,15668379
706,SSRZESC,8114869,15668684
707,SSRZESC,8114869,7572254
708,SSRZESC,8114869,15669874
709,SSRZESC,8114869,15669857
710,SSRZESC,8114869,15668378
711,SSRZHCC,8204185,15669775
712,SSRZHCC,8204185,15669857
713,SSRZHCC,8204185,15669760
714,SSRZHCC,8204185,15669817
715,SSRZHCC,8204185,15669863
716,SSRZHHN,8075506,15669863
717,SSRZHHN,8075506,15668460
718,SSRZHHN,8075506,15669878
719,SSRZHHN,8075506,15669856
720,SSRZHHN,8075506,7580802
721,SSRZOES,8344961,15669814
722,SSRZOES,8344961,15669823
723,SSRZOES,8344961,15669861
724,SSRZOES,8344961,15669772
725,SSRZOES,8344961,15669869
726,SSSCCOE,8198030,15669856
727,SSSCCOE,8198030,15668379
728,SSSCCOE,8198030,15669760
729,SSSCCOE,8198030,15669863
730,SSSCCOE,8198030,7572254
731,SSSCNCC,8282484,15669790
732,SSSCNCC,8282484,15669874
733,SSSCNCC,8282484,7625556
734,SSSCNCC,8282484,34987566
735,SSSCNCC,8282484,15669791
736,SSSCNRE,8269393,15669823
737,SSSCNRE,8269393,15669825
738,SSSCNRE,8269393,15669760
739,SSSCNRE,8269393,15669869
740,SSSCNRE,8269393,15669824
741,SSSCOCW,8122275,15669772
742,SSSCOCW,8122275,15669869
743,SSSCOCW,8122275,15669778
744,SSSCOCW,8122275,15669761
745,SSSCOCW,8122275,34986328
746,SSSCOOH,8061961,15668688
747,SSSCOOH,8061961,15668451
748,SSSCOOH,8061961,15669878
749,SSSCOOH,8061961,15668379
750,SSSCOOH,8061961,15668460
751,SSSELNE,7348817,15669781
752,SSSELNE,7348817,15669775
753,SSSELNE,7348817,15669857
754,SSSELNE,7348817,15669832
755,SSSELNE,7348817,15669772
756,SSSELZZ,8108248,15668460
757,SSSELZZ,8108248,7587664
758,SSSELZZ,8108248,7587675
759,SSSELZZ,8108248,15668688
760,SSSELZZ,8108248,7587648
761,SSSESRC,7462903,15669856
762,SSSESRC,7462903,15668478
763,SSSESRC,7462903,15668449
764,SSSESRC,7462903,15669878
765,SSSESRC,7462903,15668468
766,SSSEWCH,8094384,15668688
767,SSSEWCH,8094384,15668467
768,SSSEWCH,8094384,7593949
769,SSSEWCH,8094384,15668460
770,SSSEWCH,8094384,15668455
771,SSSEWLS,8082175,15669856
772,SSSEWLS,8082175,15668688
773,SSSEWLS,8082175,15669772
774,SSSEWLS,8082175,15669773
775,SSSEWLS,8082175,15668478
776,SSSHCLH,8145688,15668378
777,SSSHCLH,8145688,15669764
778,SSSHCLH,8145688,15669860
779,SSSHCLH,8145688,15669861
780,SSSHCLH,8145688,15669872
781,SSSHLHL,7486730,15668467
782,SSSHLHL,7486730,15668379
783,SSSHLHL,7486730,15668381
784,SSSHLHL,7486730,15669832
785,SSSHLHL,7486730,15668460
786,SSSHLNW,8083357,15669861
787,SSSHLNW,8083357,15669887
788,SSSHLNW,8083357,15669760
789,SSSHLNW,8083357,15668379
790,SSSHLNW,8083357,15669884
791,SSSHLRH,8134798,15668687
792,SSSHLRH,8134798,15669869
793,SSSHLRH,8134798,34986330
794,SSSHLRH,8134798,15668460
795,SSSHLRH,8134798,15668685
796,SSSHNNH,8079315,15668460
797,SSSHNNH,8079315,15668462
798,SSSHNNH,8079315,15669857
799,SSSHNNH,8079315,15668521
800,SSSHNNH,8079315,15669878
801,SSSHZHS,7406752,15668381
802,SSSHZHS,7406752,15669863
803,SSSHZHS,7406752,92436884
804,SSSHZHS,7406752,15669762
805,SSSHZHS,7406752,15668460
806,SSSLEZO,8232216,15669760
807,SSSLEZO,8232216,15669828
808,SSSLEZO,8232216,15669777
809,SSSLEZO,8232216,15669880
810,SSSLEZO,8232216,15669761
811,SSSLOHO,8141867,15669780
812,SSSLOHO,8141867,92388008
813,SSSLOHO,8141867,15669764
814,SSSLOHO,8141867,15669863
815,SSSLOHO,8141867,15669817
816,SSSNESR,8205042,15668460
817,SSSNESR,8205042,15669864
818,SSSNESR,8205042,15668458
819,SSSNESR,8205042,15669764
820,SSSNESR,8205042,15669866
821,SSSNHRZ,8236676,15669817
822,SSSNHRZ,8236676,15669762
823,SSSNHRZ,8236676,34992815
824,SSSNHRZ,8236676,15670269
825,SSSNHRZ,8236676,15669864
826,SSSNLOO,8286457,15669881
827,SSSNLOO,8286457,15669803
828,SSSNLOO,8286457,7753732
829,SSSNLOO,8286457,15669859
830,SSSNLOO,8286457,15669763
831,SSSNORC,7431803,15668381
832,SSSNORC,7431803,15668688
833,SSSNORC,7431803,15668462
834,SSSNORC,7431803,15668468
835,SSSNORC,7431803,93141092
836,SSSNZHO,8353591,15669880
837,SSSNZHO,8353591,15669885
838,SSSNZHO,8353591,15669864
839,SSSNZHO,8353591,15669857
840,SSSNZHO,8353591,15669761
841,SSSOOZC,8106887,15668381
842,SSSOOZC,8106887,15668465
843,SSSOOZC,8106887,15668460
844,SSSOOZC,8106887,15669832
845,SSSOOZC,8106887,15668451
846,SSSORWE,8119882,15668688
847,SSSORWE,8119882,15668379
848,SSSORWE,8119882,15668458
849,SSSORWE,8119882,15668468
850,SSSORWE,8119882,15668381
851,SSSREHN,8110925,15669780
852,SSSREHN,8110925,15669814
853,SSSREHN,8110925,15668467
854,SSSREHN,8110925,15669869
855,SSSREHN,8110925,34987110
856,SSSRREW,7387521,15669878
857,SSSRREW,7387521,15669781
858,SSSRREW,7387521,7689353
859,SSSRREW,7387521,21408952
860,SSSRREW,7387521,15669829
861,SSSRWWN,8288966,15668379
862,SSSRWWN,8288966,15668688
863,SSSRWWN,8288966,15668381
864,SSSRWWN,8288966,15668462
865,SSSRWWN,8288966,15668460
866,SSSSONE,8348918,34986125
867,SSSSONE,8348918,15669767
868,SSSSONE,8348918,15669835
869,SSSSONE,8348918,15669817
870,SSSSONE,8348918,15669771
871,SSSSZSE,7436171,15668378
872,SSSSZSE,7436171,15668416
873,SSSSZSE,7436171,15668381
874,SSSSZSE,7436171,15668467
875,SSSSZSE,7436171,15668688
876,SSSWCLL,8070481,15669760
877,SSSWCLL,8070481,15669886
878,SSSWCLL,8070481,15669777
879,SSSWCLL,8070481,15669874
880,SSSWCLL,8070481,15669773
881,SSSWOLZ,8104378,15668688
882,SSSWOLZ,8104378,15668457
883,SSSWOLZ,8104378,15668471
884,SSSWOLZ,8104378,15668381
885,SSSWOLZ,8104378,15668467
886,SSSWORL,8131815,15668460
887,SSSWORL,8131815,15668379
888,SSSWORL,8131815,15669864
889,SSSWORL,8131815,15668478
890,SSSWORL,8131815,15668378
891,SSSWOZW,7414189,15668478
892,SSSWOZW,7414189,15668465
893,SSSWOZW,7414189,15668379
894,SSSWOZW,7414189,15669856
895,SSSWOZW,7414189,15668460
896,SSSWSNS,8162986,15669760
897,SSSWSNS,8162986,7625765
898,SSSWSNS,8162986,15669764
899,SSSWSNS,8162986,15669815
900,SSSWSNS,8162986,15669778
901,SSSZCCN,8073815,15669880
902,SSSZCCN,8073815,15669780
903,SSSZCCN,8073815,15669878
904,SSSZCCN,8073815,15669872
905,SSSZCCN,8073815,15669760
906,SSSZCHS,8256944,15669775
907,SSSZCHS,8256944,15669886
908,SSSZCHS,8256944,15669790
909,SSSZCHS,8256944,15669770
910,SSSZCHS,8256944,15669781
911,SSSZEOW,8143536,15669884
912,SSSZEOW,8143536,15669887
913,SSSZEOW,8143536,15669821
914,SSSZEOW,8143536,7574242
915,SSSZEOW,8143536,15669815
916,SSSZHZE,7397712,15669878
917,SSSZHZE,7397712,15669780
918,SSSZHZE,7397712,15669857
919,SSSZHZE,7397712,15669817
920,SSSZHZE,7397712,15668460
921,SSSZOON,7441794,15668465
922,SSSZOON,7441794,15668379
923,SSSZOON,7441794,15668378
924,SSSZOON,7441794,15668457
925,SSSZOON,7441794,15668467
926,SSSZWHO,7533198,15668688
927,SSSZWHO,7533198,15668381
928,SSSZWHO,7533198,15668469
929,SSSZWHO,7533198,15668463
930,SSSZWHO,7533198,15668520
931,SSSZWOR,8123840,7735760
932,SSSZWOR,8123840,7569801
933,SSSZWOR,8123840,15668416
934,SSSZWOR,8123840,7569799
935,SSSZWOR,8123840,15668463
936,SSWCEEO,8245697,15668462
937,SSWCEEO,8245697,15668688
938,SSWCEEO,8245697,15669872
939,SSWCEEO,8245697,15668467
940,SSWCEEO,8245697,15669764
941,SSWCOLR,8065871,15668460
942,SSWCOLR,8065871,15668469
943,SSWCOLR,8065871,15668462
944,SSWCOLR,8065871,15668473
945,SSWCOLR,8065871,21409124
946,SSWCZOC,8210933,15668688
947,SSWCZOC,8210933,15669864
948,SSWCZOC,8210933,15668381
949,SSWCZOC,8210933,15669869
950,SSWCZOC,8210933,15669762
951,SSWECLS,8314193,34987566
952,SSWECLS,8314193,34986113
953,SSWECLS,8314193,15669870
954,SSWECLS,8314193,15669869
955,SSWECLS,8314193,15669857
956,SSWELWZ,8149245,15669821
957,SSWELWZ,8149245,15669780
958,SSWELWZ,8149245,15669835
959,SSWELWZ,8149245,15669860
960,SSWELWZ,8149245,15669760
961,SSWERSN,8101807,15669869
962,SSWERSN,8101807,15669817
963,SSWERSN,8101807,34986328
964,SSWERSN,8101807,15669778
965,SSWERSN,8101807,21409004
966,SSWEZCZ,8205178,15669799
967,SSWEZCZ,8205178,15669863
968,SSWEZCZ,8205178,15669780
969,SSWEZCZ,8205178,15669767
970,SSWEZCZ,8205178,15669778
971,SSWHNCO,8289460,15669777
972,SSWHNCO,8289460,15669869
973,SSWHNCO,8289460,15669832
974,SSWHNCO,8289460,15669870
975,SSWHNCO,8289460,15669872
976,SSWHOZZ,8288927,15668381
977,SSWHOZZ,8288927,15668468
978,SSWHOZZ,8288927,15668478
979,SSWHOZZ,8288927,15668467
980,SSWHOZZ,8288927,92387970
981,SSWHRZZ,8250106,7593949
982,SSWHRZZ,8250106,7569802
983,SSWHRZZ,8250106,15668519
984,SSWHRZZ,8250106,15668379
985,SSWHRZZ,8250106,15669872
986,SSWLLSL,8061560,15668688
987,SSWLLSL,8061560,15668466
988,SSWLLSL,8061560,15668460
989,SSWLLSL,8061560,15668377
990,SSWLLSL,8061560,15668469
991,SSWLNRZ,8378408,15668381
992,SSWLNRZ,8378408,15668451
993,SSWLNRZ,8378408,15668462
994,SSWLNRZ,8378408,15668378
995,SSWLNRZ,8378408,15668688
996,SSWLNWS,8309697,15668381
997,SSWLNWS,8309697,15668451
998,SSWLNWS,8309697,15668688
999,SSWLNWS,8309697,15668473
1000,SSWLNWS,8309697,15668463
1001,SSWLSWS,8176714,15668465
1002,SSWLSWS,8176714,15668467
1003,SSWLSWS,8176714,15669829
1004,SSWLSWS,8176714,15669856
1005,SSWLSWS,8176714,15668451
1006,SSWLWNZ,7460826,15669772
1007,SSWLWNZ,7460826,15669780
1008,SSWLWNZ,7460826,15669866
1009,SSWLWNZ,7460826,15669825
1010,SSWLWNZ,7460826,7625765
1011,SSWNEHR,8268678,15669772
1012,SSWNEHR,8268678,15669764
1013,SSWNEHR,8268678,15669767
1014,SSWNEHR,8268678,15669856
1015,SSWNEHR,8268678,15669778
1016,SSWNLNH,8191090,15668381
1017,SSWNLNH,8191090,15668688
1018,SSWNLNH,8191090,15668465
1019,SSWNLNH,8191090,15668473
1020,SSWNLNH,8191090,15669760
1021,SSWNOEH,8203156,15669863
1022,SSWNOEH,8203156,15669777
1023,SSWNOEH,8203156,15669878
1024,SSWNOEH,8203156,15669781
1025,SSWNOEH,8203156,15669857
1026,SSWNRHC,8384422,15669764
1027,SSWNRHC,8384422,15669783
1028,SSWNRHC,8384422,15669772
1029,SSWNRHC,8384422,15668688
1030,SSWNRHC,8384422,15669770
1031,SSWNZEC,8158290,15669869
1032,SSWNZEC,8158290,15669823
1033,SSWNZEC,8158290,15669821
1034,SSWNZEC,8158290,34987566
1035,SSWNZEC,8158290,15669776
1036,SSWOOZW,8106238,15668460
1037,SSWOOZW,8106238,15668685
1038,SSWOOZW,8106238,15668688
1039,SSWOOZW,8106238,15668468
1040,SSWOOZW,8106238,15668381
1041,SSWOSRE,8089518,15669763
1042,SSWOSRE,8089518,15669780
1043,SSWOSRE,8089518,15670269
1044,SSWOSRE,8089518,15669860
1045,SSWOSRE,8089518,15669764
1046,SSWOWLE,8246335,15669799
1047,SSWOWLE,8246335,15669976
1048,SSWOWLE,8246335,15669856
1049,SSWOWLE,8246335,15669789
1050,SSWOWLE,8246335,15669821
1051,SSWREEE,8230690,15669866
1052,SSWREEE,8230690,15669765
1053,SSWREEE,8230690,29247044
1054,SSWREEE,8230690,15669772
1055,SSWREEE,8230690,15669988
1056,SSWRLOE,8081235,7637309
1057,SSWRLOE,8081235,15669863
1058,SSWRLOE,8081235,15669878
1059,SSWRLOE,8081235,15669856
1060,SSWRLOE,8081235,15669777
1061,SSWRLZN,8096359,15668467
1062,SSWRLZN,8096359,15668462
1063,SSWRLZN,8096359,15668457
1064,SSWRLZN,8096359,15668381
1065,SSWRLZN,8096359,15668458
1066,SSWSCEN,8113176,15668468
1067,SSWSCEN,8113176,15668381
1068,SSWSCEN,8113176,93141023
1069,SSWSCEN,8113176,15669910
1070,SSWSCEN,8113176,15668688
1071,SSWSLLZ,7369866,15669769
1072,SSWSLLZ,7369866,15668460
1073,SSWSLLZ,7369866,15669988
1074,SSWSLLZ,7369866,15668469
1075,SSWSLLZ,7369866,15668381
1076,SSWWENC,7517068,15668465
1077,SSWWENC,7517068,15668455
1078,SSWWENC,7517068,15668467
1079,SSWWENC,7517068,15668684
1080,SSWWENC,7517068,15668379
1081,SSWWLCZ,8180759,15669780
1082,SSWWLCZ,8180759,15668381
1083,SSWWLCZ,8180759,15668379
1084,SSWWLCZ,8180759,15668465
1085,SSWWLCZ,8180759,15668416
1086,SSWWNCH,8136393,15669775
1087,SSWWNCH,8136393,15669863
1088,SSWWNCH,8136393,15669771
1089,SSWWNCH,8136393,15669777
1090,SSWWNCH,8136393,15669780
1091,SSWWRHW,7560723,15668460
1092,SSWWRHW,7560723,15669778
1093,SSWWRHW,7560723,15669859
1094,SSWWRHW,7560723,15668453
1095,SSWWRHW,7560723,7569801
1096,SSWWZLW,7497374,15669772
1097,SSWWZLW,7497374,15669869
1098,SSWWZLW,7497374,15669777
1099,SSWWZLW,7497374,15668478
1100,SSWWZLW,7497374,15669862
1101,SSWWZNR,8255466,15668453
1102,SSWWZNR,8255466,15668460
1103,SSWWZNR,8255466,15668595
1104,SSWWZNR,8255466,15668458
1105,SSWWZNR,8255466,15668469
1106,SSWZEOR,7417942,15669856
1107,SSWZEOR,7417942,15668379
1108,SSWZEOR,7417942,15668478
1109,SSWZEOR,7417942,15669780
1110,SSWZEOR,7417942,15669790
1111,SSWZHRR,7440894,15668379
1112,SSWZHRR,7440894,15669817
1113,SSWZHRR,7440894,15669874
1114,SSWZHRR,7440894,15669760
1115,SSWZHRR,7440894,15670269
1116,SSWZRHL,8342762,15668460
1117,SSWZRHL,8342762,15668465
1118,SSWZRHL,8342762,15669886
1119,SSWZRHL,8342762,15668381
1120,SSWZRHL,8342762,15668467
1121,SSWZSSN,8287522,15670251
1122,SSWZSSN,8287522,15668688
1123,SSWZSSN,8287522,15670245
1124,SSWZSSN,8287522,15669767
1125,SSWZSSN,8287522,15669869
1126,SSZCOCE,8339302,15668478
1127,SSZCOCE,8339302,15668451
1128,SSZCOCE,8339302,15668460
1129,SSZCOCE,8339302,15668375
1130,SSZCOCE,8339302,15669880
1131,SSZCRCO,8213861,15669870
1132,SSZCRCO,8213861,15669883
1133,SSZCRCO,8213861,15669884
1134,SSZCRCO,8213861,15669776
1135,SSZCRCO,8213861,15669815
1136,SSZCWCC,8080311,15669821
1137,SSZCWCC,8080311,15670009
1138,SSZCWCC,8080311,15669863
1139,SSZCWCC,8080311,15669772
1140,SSZCWCC,8080311,15669878
1141,SSZEESN,7389900,15669878
1142,SSZEESN,7389900,15668462
1143,SSZEESN,7389900,15669861
1144,SSZEESN,7389900,15668377
1145,SSZEESN,7389900,15669765
1146,SSZEWNH,8236542,34986125
1147,SSZEWNH,8236542,15670251
1148,SSZEWNH,8236542,15669869
1149,SSZEWNH,8236542,15669821
1150,SSZEWNH,8236542,34986112
1151,SSZEWNZ,7517755,15668379
1152,SSZEWNZ,7517755,15668688
1153,SSZEWNZ,7517755,15670241
1154,SSZEWNZ,7517755,15670260
1155,SSZEWNZ,7517755,15668465
1156,SSZEWOW,8135835,15669760
1157,SSZEWOW,8135835,15669786
1158,SSZEWOW,8135835,15669861
1159,SSZEWOW,8135835,15668379
1160,SSZEWOW,8135835,15669863
1161,SSZEZHN,8089421,15669887
1162,SSZEZHN,8089421,15669872
1163,SSZEZHN,8089421,15669835
1164,SSZEZHN,8089421,15670267
1165,SSZEZHN,8089421,15669760
1166,SSZHCSO,8166910,15668416
1167,SSZHCSO,8166910,15670250
1168,SSZHCSO,8166910,15670168
1169,SSZHCSO,8166910,15668449
1170,SSZHCSO,8166910,15668469
1171,SSZHLRN,8065395,15669881
1172,SSZHLRN,8065395,15669856
1173,SSZHLRN,8065395,15668381
1174,SSZHLRN,8065395,15668468
1175,SSZHLRN,8065395,15668375
1176,SSZHOEE,8204496,7624790
1177,SSZHOEE,8204496,15669764
1178,SSZHOEE,8204496,15669760
1179,SSZHOEE,8204496,15669804
1180,SSZHOEE,8204496,15669884
1181,SSZHOER,8385399,34986125
1182,SSZHOER,8385399,15669764
1183,SSZHOER,8385399,93141023
1184,SSZHOER,8385399,15669799
1185,SSZHOER,8385399,15669969
1186,SSZLCSE,8075477,15669804
1187,SSZLCSE,8075477,15670267
1188,SSZLCSE,8075477,15669869
1189,SSZLCSE,8075477,15669821
1190,SSZLCSE,8075477,15669776
1191,SSZLEOL,8153266,15669860
1192,SSZLEOL,8153266,15669878
1193,SSZLEOL,8153266,15669762
1194,SSZLEOL,8153266,15669861
1195,SSZLEOL,8153266,15668378
1196,SSZLHES,7481117,15668478
1197,SSZLHES,7481117,15668688
1198,SSZLHES,7481117,15670251
1199,SSZLHES,7481117,15670157
1200,SSZLHES,7481117,15670245
1201,SSZLHHE,8343369,21408952
1202,SSZLHHE,8343369,15669878
1203,SSZLHHE,8343369,15669767
1204,SSZLHHE,8343369,15669776
1205,SSZLHHE,8343369,15669857
1206,SSZLLCR,8289409,15669781
1207,SSZLLCR,8289409,15669814
1208,SSZLLCR,8289409,15668379
1209,SSZLLCR,8289409,15669776
1210,SSZLLCR,8289409,15669775
1211,SSZLLON,8118745,15669763
1212,SSZLLON,8118745,15669769
1213,SSZLLON,8118745,15669869
1214,SSZLLON,8118745,15669863
1215,SSZLLON,8118745,15669817
1216,SSZLNCH,8243363,15669763
1217,SSZLNCH,8243363,15669762
1218,SSZLNCH,8243363,15668460
1219,SSZLNCH,8243363,15669769
1220,SSZLNCH,8243363,15669863
1221,SSZLWLC,8192688,15668460
1222,SSZLWLC,8192688,15668467
1223,SSZLWLC,8192688,15669799
1224,SSZLWLC,8192688,15668455
1225,SSZLWLC,8192688,15669821
1226,SSZLWOS,8284427,15669887
1227,SSZLWOS,8284427,15669769
1228,SSZLWOS,8284427,21409004
1229,SSZLWOS,8284427,15669885
1230,SSZLWOS,8284427,15669819
1231,SSZLZRN,7486173,15668467
1232,SSZLZRN,7486173,15668460
1233,SSZLZRN,7486173,15668453
1234,SSZLZRN,7486173,15668381
1235,SSZLZRN,7486173,15669878
1236,SSZNNNN,8107580,7689353
1237,SSZNNNN,8107580,15669880
1238,SSZNNNN,8107580,15669814
1239,SSZNNNN,8107580,15669886
1240,SSZNNNN,8107580,7580823
1241,SSZNOHH,8227029,15669869
1242,SSZNOHH,8227029,34986328
1243,SSZNOHH,8227029,15669832
1244,SSZNOHH,8227029,15669872
1245,SSZNOHH,8227029,15669767
1246,SSZNOWR,8223433,15670251
1247,SSZNOWR,8223433,15668465
1248,SSZNOWR,8223433,15668478
1249,SSZNOWR,8223433,15668379
1250,SSZNOWR,8223433,15668470
1251,SSZNRER,8067510,15669863
1252,SSZNRER,8067510,15669880
1253,SSZNRER,8067510,15669887
1254,SSZNRER,8067510,15669760
1255,SSZNRER,8067510,15669870
1256,SSZNWLH,8120702,15669781
1257,SSZNWLH,8120702,15669869
1258,SSZNWLH,8120702,15669860
1259,SSZNWLH,8120702,15669832
1260,SSZNWLH,8120702,15670267
1261,SSZNWWS,8258691,15668379
1262,SSZNWWS,8258691,15669861
1263,SSZNWWS,8258691,15669764
1264,SSZNWWS,8258691,15669863
1265,SSZNWWS,8258691,15668460
1266,SSZRRWR,8315583,15669777
1267,SSZRRWR,8315583,15669869
1268,SSZRRWR,8315583,7580802
1269,SSZRRWR,8315583,15669825
1270,SSZRRWR,8315583,34987566
1271,SSZRSZL,8333457,15668381
1272,SSZRSZL,8333457,15668688
1273,SSZRSZL,8333457,15668467
1274,SSZRSZL,8333457,15669763
1275,SSZRSZL,8333457,15668379
1276,SSZRWON,8157592,15669781
1277,SSZRWON,8157592,15669857
1278,SSZRWON,8157592,15669776
1279,SSZRWON,8157592,15669814
1280,SSZRWON,8157592,15669838
1281,SSZSNZN,8338252,15669878
1282,SSZSNZN,8338252,15669760
1283,SSZSNZN,8338252,34986129
1284,SSZSNZN,8338252,15668378
1285,SSZSNZN,8338252,15669856
1286,SSZSRHO,8273931,15669760
1287,SSZSRHO,8273931,34986129
1288,SSZSRHO,8273931,15669880
1289,SSZSRHO,8273931,15669789
1290,SSZSRHO,8273931,15669884
1291,SSZSWHS,8154900,15669856
1292,SSZSWHS,8154900,15669874
1293,SSZSWHS,8154900,15669780
1294,SSZSWHS,8154900,34987568
1295,SSZSWHS,8154900,15669814
1296,SSZWOEE,8331712,15668381
1297,SSZWOEE,8331712,15668462
1298,SSZWOEE,8331712,15668378
1299,SSZWOEE,8331712,15669863
1300,SSZWOEE,8331712,15669760
1301,SSZWOZH,8070166,15668460
1302,SSZWOZH,8070166,15668451
1303,SSZWOZH,8070166,15669765
1304,SSZWOZH,8070166,15669875
1305,SSZWOZH,8070166,15668379
1306,SSZWROC,8353022,15668379
1307,SSZWROC,8353022,15668478
1308,SSZWROC,8353022,15669885
1309,SSZWROC,8353022,15668460
1310,SSZWROC,8353022,93141023
1311,SSZWRWL,8152500,15669872
1312,SSZWRWL,8152500,15669988
1313,SSZWRWL,8152500,15670269
1314,SSZWRWL,8152500,15669763
1315,SSZWRWL,8152500,15669832
1316,SSZWSNR,8172528,15668688
1317,SSZWSNR,8172528,15668462
1318,SSZWSNR,8172528,15669791
1319,SSZWSNR,8172528,15668379
1320,SSZWSNR,8172528,15668381
1321,SSZZLEO,7347668,15669764
1322,SSZZLEO,7347668,15669864
1323,SSZZLEO,7347668,15668379
1324,SSZZLEO,7347668,15669780
1325,SSZZLEO,7347668,34987566
1326,SSZZLHW,7439628,15670251
1327,SSZZLHW,7439628,15670260
1328,SSZZLHW,7439628,15670250
1329,SSZZLHW,7439628,7587494
1330,SSZZLHW,7439628,7587694
1331,SSZZLOE,8156893,15670251
1332,SSZZLOE,8156893,15668685
1333,SSZZLOE,8156893,15668379
1334,SSZZLOE,8156893,15668467
1335,SSZZLOE,8156893,15668381
1336,SSZZWOR,8084238,15668688
1337,SSZZWOR,8084238,15668460
1338,SSZZWOR,8084238,15670157
1339,SSZZWOR,8084238,15668378
1340,SSZZWOR,8084238,15670241
1341,SSZZZOE,7724198,15668478
1342,SSZZZOE,7724198,15670157
1343,SSZZZOE,7724198,15668474
1344,SSZZZOE,7724198,15670250
1345,SSZZZOE,7724198,15670163
1346,SWCCLHS,8279743,15668379
1347,SWCCLHS,8279743,15668460
1348,SWCCLHS,8279743,15668457
1349,SWCCLHS,8279743,15669863
1350,SWCCLHS,8279743,15668688
1351,SWCCOLE,7527581,15668458
1352,SWCCOLE,7527581,15668467
1353,SWCCOLE,7527581,15668379
1354,SWCCOLE,7527581,15668463
1355,SWCCOLE,7527581,15668416
1356,SWCCRWR,8089417,15668460
1357,SWCCRWR,8089417,15670157
1358,SWCCRWR,8089417,15668468
1359,SWCCRWR,8089417,15669764
1360,SWCCRWR,8089417,15670241
1361,SWCCRWW,7581908,15668594
1362,SWCCRWW,7581908,15668381
1363,SWCCRWW,7581908,15668474
1364,SWCCRWW,7581908,15669869
1365,SWCCRWW,7581908,15668458
1366,SWCCSEN,8265392,15668378
1367,SWCCSEN,8265392,15669764
1368,SWCCSEN,8265392,15668379
1369,SWCCSEN,8265392,15668381
1370,SWCCSEN,8265392,15668459
1371,SWCCWNZ,7341985,15669878
1372,SWCCWNZ,7341985,15669861
1373,SWCCWNZ,7341985,34987566
1374,SWCCWNZ,7341985,15668460
1375,SWCCWNZ,7341985,15669780
1376,SWCCZRH,8230241,15668460
1377,SWCCZRH,8230241,15668378
1378,SWCCZRH,8230241,15668688
1379,SWCCZRH,8230241,15670260
1380,SWCCZRH,8230241,15668468
1381,SWCECRN,8308098,15668462
1382,SWCECRN,8308098,15668474
1383,SWCECRN,8308098,15668381
1384,SWCECRN,8308098,15668451
1385,SWCECRN,8308098,15668379
1386,SWCECSR,8179797,15668473
1387,SWCECSR,8179797,15668463
1388,SWCECSR,8179797,15668688
1389,SWCECSR,8179797,15668478
1390,SWCECSR,8179797,15668462
1391,SWCEHCR,8128430,15669780
1392,SWCEHCR,8128430,15669775
1393,SWCEHCR,8128430,15669760
1394,SWCEHCR,8128430,15669823
1395,SWCEHCR,8128430,15668378
1396,SWCENNH,7345164,15668688
1397,SWCENNH,7345164,15668460
1398,SWCENNH,7345164,15668416
1399,SWCENNH,7345164,15668462
1400,SWCENNH,7345164,15668457
1401,SWCEWOZ,8352430,15668688
1402,SWCEWOZ,8352430,15668460
1403,SWCEWOZ,8352430,15668381
1404,SWCEWOZ,8352430,15668468
1405,SWCEWOZ,8352430,15668685
1406,SWCEZWH,8331278,15669859
1407,SWCEZWH,8331278,15668460
1408,SWCEZWH,8331278,15668520
1409,SWCEZWH,8331278,15669769
1410,SWCEZWH,8331278,15669771
1411,SWCHLSS,8109885,15669863
1412,SWCHLSS,8109885,15669872
1413,SWCHLSS,8109885,15669884
1414,SWCHLSS,8109885,15669817
1415,SWCHLSS,8109885,15669783
1416,SWCHOEW,8139620,15668467
1417,SWCHOEW,8139620,15668381
1418,SWCHOEW,8139620,15668458
1419,SWCHOEW,8139620,15668466
1420,SWCHOEW,8139620,15668465
1421,SWCLCLW,8241466,15668478
1422,SWCLCLW,8241466,15668453
1423,SWCLCLW,8241466,7569806
1424,SWCLCLW,8241466,15668688
1425,SWCLCLW,8241466,15668458
1426,SWCLHHO,8198721,15669767
1427,SWCLHHO,8198721,15668467
1428,SWCLHHO,8198721,15668688
1429,SWCLHHO,8198721,15669821
1430,SWCLHHO,8198721,15669878
1431,SWCLLSO,8088678,15669869
1432,SWCLLSO,8088678,15669857
1433,SWCLLSO,8088678,34992815
1434,SWCLLSO,8088678,15669965
1435,SWCLLSO,8088678,15669780
1436,SWCLOCL,7675127,15670250
1437,SWCLOCL,7675127,15670254
1438,SWCLOCL,7675127,15670260
1439,SWCLOCL,7675127,15670182
1440,SWCLOCL,7675127,15668468
1441,SWCLWHL,8109052,15669776
1442,SWCLWHL,8109052,15669860
1443,SWCLWHL,8109052,15669869
1444,SWCLWHL,8109052,21408952
1445,SWCLWHL,8109052,15669767
1446,SWCNZWC,8089178,15669814
1447,SWCNZWC,8089178,15669790
1448,SWCNZWC,8089178,15669777
1449,SWCNZWC,8089178,15669823
1450,SWCNZWC,8089178,15669775
1451,SWCNZWN,8089212,15668469
1452,SWCNZWN,8089212,15668466
1453,SWCNZWN,8089212,15668463
1454,SWCNZWN,8089212,15668688
1455,SWCNZWN,8089212,15668462
1456,SWCOLON,8087997,15668381
1457,SWCOLON,8087997,15668378
1458,SWCOLON,8087997,15668467
1459,SWCOLON,8087997,15668375
1460,SWCOLON,8087997,15668478
1461,SWCOLWE,7599737,15670260
1462,SWCOLWE,7599737,15668520
1463,SWCOLWE,7599737,15669878
1464,SWCOLWE,7599737,15669869
1465,SWCOLWE,7599737,15668451
1466,SWCOSLL,7412276,15669880
1467,SWCOSLL,7412276,15669832
1468,SWCOSLL,7412276,15670267
1469,SWCOSLL,7412276,15669830
1470,SWCOSLL,7412276,15669872
1471,SWCOWRR,8195996,15669760
1472,SWCOWRR,8195996,15668378
1473,SWCOWRR,8195996,15668467
1474,SWCOWRR,8195996,15669814
1475,SWCOWRR,8195996,7569801
1476,SWCRLZN,7476405,15668381
1477,SWCRLZN,7476405,15668467
1478,SWCRLZN,7476405,15669824
1479,SWCRLZN,7476405,15669764
1480,SWCRLZN,7476405,15669856
1481,SWCRRCE,7544462,15669878
1482,SWCRRCE,7544462,15669780
1483,SWCRRCE,7544462,15668460
1484,SWCRRCE,7544462,15669760
1485,SWCRRCE,7544462,15668462
1486,SWCRRLL,7481636,15670251
1487,SWCRRLL,7481636,15668449
1488,SWCRRLL,7481636,15669869
1489,SWCRRLL,7481636,34986125
1490,SWCRRLL,7481636,15668476
1491,SWCRWEH,8074820,15668378
1492,SWCRWEH,8074820,15668467
1493,SWCRWEH,8074820,15668453
1494,SWCRWEH,8074820,15668377
1495,SWCRWEH,8074820,15668379
1496,SWCRZCH,7473154,15668379
1497,SWCRZCH,7473154,15669817
1498,SWCRZCH,7473154,15668469
1499,SWCRZCH,7473154,15669864
1500,SWCRZCH,7473154,15668378
1501,SWCSEHL,7587814,15668465
1502,SWCSEHL,7587814,15668460
1503,SWCSEHL,7587814,15668478
1504,SWCSEHL,7587814,15669773
1505,SWCSEHL,7587814,15668458
1506,SWCSHZW,7710637,15668381
1507,SWCSHZW,7710637,15668689
1508,SWCSHZW,7710637,15670250
1509,SWCSHZW,7710637,15668520
1510,SWCSHZW,7710637,15670252
1511,SWCWNCO,8268096,15669804
1512,SWCWNCO,8268096,7580802
1513,SWCWNCO,8268096,15669965
1514,SWCWNCO,8268096,15669760
1515,SWCWNCO,8268096,15669767
1516,SWCWSRR,8275185,15668378
1517,SWCWSRR,8275185,7587651
1518,SWCWSRR,8275185,15669872
1519,SWCWSRR,8275185,15668460
1520,SWCWSRR,8275185,15669880
1521,SWCWSZR,7635812,15670250
1522,SWCWSZR,7635812,15670169
1523,SWCWSZR,7635812,15668416
1524,SWCWSZR,7635812,15670157
1525,SWCWSZR,7635812,15670260
1526,SWCZCSZ,8133840,15669767
1527,SWCZCSZ,8133840,7580802
1528,SWCZCSZ,8133840,7753742
1529,SWCZCSZ,8133840,7570488
1530,SWCZCSZ,8133840,15669777
1531,SWCZELR,8080218,15668469
1532,SWCZELR,8080218,15668688
1533,SWCZELR,8080218,15668378
1534,SWCZELR,8080218,15669886
1535,SWCZELR,8080218,15668687
1536,SWCZZNN,7476772,15669780
1537,SWCZZNN,7476772,15668379
1538,SWCZZNN,7476772,15669769
1539,SWCZZNN,7476772,15669860
1540,SWCZZNN,7476772,15669778
1541,SWECCLC,8273464,15669835
1542,SWECCLC,8273464,15669878
1543,SWECCLC,8273464,15669799
1544,SWECCLC,8273464,15669770
1545,SWECCLC,8273464,15669861
1546,SWECOEO,8253846,15669860
1547,SWECOEO,8253846,15670269
1548,SWECOEO,8253846,7704153
1549,SWECOEO,8253846,15669878
1550,SWECOEO,8253846,15669887
1551,SWECRER,8127819,15669874
1552,SWECRER,8127819,34987566
1553,SWECRER,8127819,7624786
1554,SWECRER,8127819,15669832
1555,SWECRER,8127819,7640186
1556,SWECZOC,8151550,15669803
1557,SWECZOC,8151550,15669777
1558,SWECZOC,8151550,21408942
1559,SWECZOC,8151550,15669874
1560,SWECZOC,8151550,15669814
1561,SWEECSW,7729749,15668381
1562,SWEECSW,7729749,15668474
1563,SWEECSW,7729749,15668468
1564,SWEECSW,7729749,15668688
1565,SWEECSW,7729749,15668467
1566,SWEENCL,7592127,7572300
1567,SWEENCL,7592127,7653522
1568,SWEENCL,7592127,93141092
1569,SWEENCL,7592127,7621686
1570,SWEENCL,7592127,7692619
1571,SWEEOEO,7700376,15669832
1572,SWEEOEO,7700376,15669863
1573,SWEEOEO,7700376,15669764
1574,SWEEOEO,7700376,15668460
1575,SWEEOEO,7700376,15668379
1576,SWEEWEL,7682148,15670251
1577,SWEEWEL,7682148,15668381
1578,SWEEWEL,7682148,15668468
1579,SWEEWEL,7682148,15668689
1580,SWEEWEL,7682148,15670260
1581,SWEEZCC,7531263,15668379
1582,SWEEZCC,7531263,15668458
1583,SWEEZCC,7531263,15668467
1584,SWEEZCC,7531263,15668684
1585,SWEEZCC,7531263,15668688
1586,SWEEZHL,8354716,15670252
1587,SWEEZHL,8354716,15670241
1588,SWEEZHL,8354716,15668688
1589,SWEEZHL,8354716,15668465
1590,SWEEZHL,8354716,15670144
1591,SWEHLLO,8212584,15669799
1592,SWEHLLO,8212584,15669804
1593,SWEHLLO,8212584,15669878
1594,SWEHLLO,8212584,15669887
1595,SWEHLLO,8212584,15669863
1596,SWEHORE,7421133,15670260
1597,SWEHORE,7421133,15670157
1598,SWEHORE,7421133,7580089
1599,SWEHORE,7421133,15670162
1600,SWEHORE,7421133,7572307
1601,SWEHZZZ,8075791,7675055
1602,SWEHZZZ,8075791,15669804
1603,SWEHZZZ,8075791,15669799
1604,SWEHZZZ,8075791,15669772
1605,SWEHZZZ,8075791,15669832
1606,SWELEWW,7366964,15668381
1607,SWELEWW,7366964,15669772
1608,SWELEWW,7366964,15669865
1609,SWELEWW,7366964,15669760
1610,SWELEWW,7366964,15669856
1611,SWELNZO,7602429,15668457
1612,SWELNZO,7602429,15668465
1613,SWELNZO,7602429,15668480
1614,SWELNZO,7602429,15668449
1615,SWELNZO,7602429,15668494
1616,SWELRWN,8138811,15668467
1617,SWELRWN,8138811,15668462
1618,SWELRWN,8138811,7569801
1619,SWELRWN,8138811,15668688
1620,SWELRWN,8138811,15668465
1621,SWENCHZ,8063588,15668478
1622,SWENCHZ,8063588,15668381
1623,SWENCHZ,8063588,15668688
1624,SWENCHZ,8063588,15669829
1625,SWENCHZ,8063588,15669818
1626,SWENCOC,8261883,15669777
1627,SWENCOC,8261883,7580823
1628,SWENCOC,8261883,15669857
1629,SWENCOC,8261883,15669764
1630,SWENCOC,8261883,15669821
1631,SWENOEW,8380659,15668381
1632,SWENOEW,8380659,15668378
1633,SWENOEW,8380659,15669869
1634,SWENOEW,8380659,15669887
1635,SWENOEW,8380659,15669769
1636,SWENWSO,8316970,15668688
1637,SWENWSO,8316970,15669872
1638,SWENWSO,8316970,15668449
1639,SWENWSO,8316970,15668458
1640,SWENWSO,8316970,15668462
1641,SWEOHHL,7416338,15668379
1642,SWEOHHL,7416338,15669884
1643,SWEOHHL,7416338,15669860
1644,SWEOHHL,7416338,15669869
1645,SWEOHHL,7416338,15669764
1646,SWEOLLO,7362980,15668478
1647,SWEOLLO,7362980,15668379
1648,SWEOLLO,7362980,15669878
1649,SWEOLLO,7362980,15668381
1650,SWEOLLO,7362980,15668688
1651,SWEONLR,8152823,15669767
1652,SWEONLR,8152823,15669870
1653,SWEONLR,8152823,15669881
1654,SWEONLR,8152823,15669823
1655,SWEONLR,8152823,34986118
1656,SWEOOLR,8096457,15669880
1657,SWEOOLR,8096457,15670157
1658,SWEOOLR,8096457,15668378
1659,SWEOOLR,8096457,15670251
1660,SWEOOLR,8096457,15669872
1661,SWEOOOO,8284234,15668688
1662,SWEOOOO,8284234,15669878
1663,SWEOOOO,8284234,15669760
1664,SWEOOOO,8284234,15668478
1665,SWEOOOO,8284234,15669869
1666,SWEORLR,8129915,15668688
1667,SWEORLR,8129915,15668460
1668,SWEORLR,8129915,15668462
1669,SWEORLR,8129915,15668465
1670,SWEORLR,8129915,15668458
1671,SWERCNR,7498596,7735707
1672,SWERCNR,7498596,15670269
1673,SWERCNR,7498596,7572310
1674,SWERCNR,7498596,7735760
1675,SWERCNR,7498596,7572301
1676,SWERHHR,7633637,15668381
1677,SWERHHR,7633637,15668378
1678,SWERHHR,7633637,15668687
1679,SWERHHR,7633637,15669772
1680,SWERHHR,7633637,15668467
1681,SWERWCW,8170027,15668378
1682,SWERWCW,8170027,15668416
1683,SWERWCW,8170027,15668449
1684,SWERWCW,8170027,15668465
1685,SWERWCW,8170027,15668688
1686,SWESLWC,8192504,15669780
1687,SWESLWC,8192504,15668465
1688,SWESLWC,8192504,15669767
1689,SWESLWC,8192504,15670270
1690,SWESLWC,8192504,15669880
1691,SWESSEO,7489019,15668465
1692,SWESSEO,7489019,15668379
1693,SWESSEO,7489019,15668468
1694,SWESSEO,7489019,15670251
1695,SWESSEO,7489019,15668378
1696,SWEWCER,8153963,15668381
1697,SWEWCER,8153963,15668465
1698,SWEWCER,8153963,15668474
1699,SWEWCER,8153963,15668467
1700,SWEWCER,8153963,15668460
1701,SWEWHLO,8138170,15669863
1702,SWEWHLO,8138170,15669872
1703,SWEWHLO,8138170,15669860
1704,SWEWHLO,8138170,15669777
1705,SWEWHLO,8138170,15668379
1706,SWEWWZL,8075370,15668379
1707,SWEWWZL,8075370,15668478
1708,SWEWWZL,8075370,15668688
1709,SWEWWZL,8075370,15670260
1710,SWEWWZL,8075370,15669878
1711,SWEZEOZ,8276422,15668381
1712,SWEZEOZ,8276422,15669878
1713,SWEZEOZ,8276422,15668478
1714,SWEZEOZ,8276422,15668379
1715,SWEZEOZ,8276422,15668465
1716,SWEZZLR,8131353,15669767
1717,SWEZZLR,8131353,15669760
1718,SWEZZLR,8131353,15670267
1719,SWEZZLR,8131353,15669790
1720,SWEZZLR,8131353,7637309
1721,SWHCCEO,8344473,15668381
1722,SWHCCEO,8344473,15668478
1723,SWHCCEO,8344473,7579698
1724,SWHCCEO,8344473,92388173
1725,SWHCCEO,8344473,7569801
1726,SWHCOOW,8214422,15668594
1727,SWHCOOW,8214422,15668468
1728,SWHCOOW,8214422,15668688
1729,SWHCOOW,8214422,15669824
1730,SWHCOOW,8214422,15668381
1731,SWHCZNL,8105118,15669856
1732,SWHCZNL,8105118,7625765
1733,SWHCZNL,8105118,15669863
1734,SWHCZNL,8105118,7735707
1735,SWHCZNL,8105118,15669861
1736,SWHCZWL,7368676,15669760
1737,SWHCZWL,7368676,15669780
1738,SWHCZWL,7368676,15669776
1739,SWHCZWL,7368676,15669764
1740,SWHCZWL,7368676,15669860
1741,SWHECOO,8275225,15669832
1742,SWHECOO,8275225,15669872
1743,SWHECOO,8275225,15669770
1744,SWHECOO,8275225,15669988
1745,SWHECOO,8275225,34986112
1746,SWHEEOS,8153361,15668460
1747,SWHEEOS,8153361,15669763
1748,SWHEEOS,8153361,15669988
1749,SWHEEOS,8153361,15669864
1750,SWHEEOS,8153361,15668378
1751,SWHELSW,8276533,15668381
1752,SWHELSW,8276533,15669863
1753,SWHELSW,8276533,7624790
1754,SWHELSW,8276533,15668478
1755,SWHELSW,8276533,15669859
1756,SWHENWW,8346285,15669857
1757,SWHENWW,8346285,15669763
1758,SWHENWW,8346285,15669818
1759,SWHENWW,8346285,15669777
1760,SWHENWW,8346285,15668519
1761,SWHERHH,8064356,15668688
1762,SWHERHH,8064356,15668478
1763,SWHERHH,8064356,7585571
1764,SWHERHH,8064356,15668379
1765,SWHERHH,8064356,15668381
1766,SWHEWCO,7559542,15668685
1767,SWHEWCO,7559542,15668520
1768,SWHEWCO,7559542,15668379
1769,SWHEWCO,7559542,15668689
1770,SWHEWCO,7559542,15669780
1771,SWHHREO,8176873,7586509
1772,SWHHREO,8176873,7572302
1773,SWHHREO,8176873,7735760
1774,SWHHREO,8176873,7735707
1775,SWHHREO,8176873,7579698
1776,SWHHSNW,8150141,15669780
1777,SWHHSNW,8150141,15669988
1778,SWHHSNW,8150141,15669764
1779,SWHHSNW,8150141,15669786
1780,SWHHSNW,8150141,15669760
1781,SWHLESR,8246331,15668688
1782,SWHLESR,8246331,15669857
1783,SWHLESR,8246331,15668460
1784,SWHLESR,8246331,15668475
1785,SWHLESR,8246331,7580802
1786,SWHLRZO,8218184,15669764
1787,SWHLRZO,8218184,15668688
1788,SWHLRZO,8218184,15668381
1789,SWHLRZO,8218184,15669780
1790,SWHLRZO,8218184,15668460
1791,SWHLSNW,7515099,15668379
1792,SWHLSNW,7515099,15668462
1793,SWHLSNW,7515099,15668381
1794,SWHLSNW,7515099,15668378
1795,SWHLSNW,7515099,15668688
1796,SWHNLCN,8356240,15668460
1797,SWHNLCN,8356240,15668381
1798,SWHNLCN,8356240,15668467
1799,SWHNLCN,8356240,15668458
1800,SWHNLCN,8356240,15670267
1801,SWHOECO,8089497,15669760
1802,SWHOECO,8089497,34986125
1803,SWHOECO,8089497,15669872
1804,SWHOECO,8089497,15669869
1805,SWHOECO,8089497,15669861
1806,SWHONHO,8159383,93141092
1807,SWHONHO,8159383,15669826
1808,SWHONHO,8159383,34987110
1809,SWHONHO,8159383,15669875
1810,SWHONHO,8159383,15669790
1811,SWHONHS,8226177,15668460
1812,SWHONHS,8226177,15668379
1813,SWHONHS,8226177,15668462
1814,SWHONHS,8226177,15669856
1815,SWHONHS,8226177,34986122
1816,SWHOOOO,8182845,15670157
1817,SWHOOOO,8182845,15670250
1818,SWHOOOO,8182845,15670251
1819,SWHOOOO,8182845,15668381
1820,SWHOOOO,8182845,15668465
1821,SWHOORR,8065502,15669869
1822,SWHOORR,8065502,15669760
1823,SWHOORR,8065502,15670269
1824,SWHOORR,8065502,15669864
1825,SWHOORR,8065502,15669778
1826,SWHOZCE,8139913,15669777
1827,SWHOZCE,8139913,15669814
1828,SWHOZCE,8139913,15669789
1829,SWHOZCE,8139913,15669880
1830,SWHOZCE,8139913,15669775
1831,SWHRCEO,8131359,15668467
1832,SWHRCEO,8131359,15668378
1833,SWHRCEO,8131359,15668451
1834,SWHRCEO,8131359,15668469
1835,SWHRCEO,8131359,15669866
1836,SWHRCNL,8189678,15668688
1837,SWHRCNL,8189678,15668468
1838,SWHRCNL,8189678,15669786
1839,SWHRCNL,8189678,15670270
1840,SWHRCNL,8189678,7718555
1841,SWHRNRE,7370585,15668460
1842,SWHRNRE,7370585,15668458
1843,SWHRNRE,7370585,15669869
1844,SWHRNRE,7370585,15669777
1845,SWHRNRE,7370585,15668381
1846,SWHRRNR,8061159,15668688
1847,SWHRRNR,8061159,15668381
1848,SWHRRNR,8061159,15668379
1849,SWHRRNR,8061159,15668449
1850,SWHRRNR,8061159,15668521
1851,SWHRSRR,7384012,15670267
1852,SWHRSRR,7384012,7580802
1853,SWHRSRR,7384012,15670269
1854,SWHRSRR,7384012,15669776
1855,SWHRSRR,7384012,34987566
1856,SWHRWCO,7631002,15669864
1857,SWHRWCO,7631002,15668468
1858,SWHRWCO,7631002,15669780
1859,SWHRWCO,7631002,15670267
1860,SWHRWCO,7631002,15669988
1861,SWHRZHH,8320908,15668378
1862,SWHRZHH,8320908,15668381
1863,SWHRZHH,8320908,15668462
1864,SWHRZHH,8320908,15668468
1865,SWHRZHH,8320908,15668688
1866,SWHRZSW,8120435,15669774
1867,SWHRZSW,8120435,15669884
1868,SWHRZSW,8120435,7580823
1869,SWHRZSW,8120435,15669821
1870,SWHRZSW,8120435,34987566
1871,SWHSESE,7452011,15668688
1872,SWHSESE,7452011,15668381
1873,SWHSESE,7452011,7572300
1874,SWHSESE,7452011,15668465
1875,SWHSESE,7452011,15668467
1876,SWHSWOW,8120485,15668379
1877,SWHSWOW,8120485,15668381
1878,SWHSWOW,8120485,15669780
1879,SWHSWOW,8120485,15668468
1880,SWHSWOW,8120485,15668449
1881,SWHWNWL,7482551,15669815
1882,SWHWNWL,7482551,15669760
1883,SWHWNWL,7482551,15669887
1884,SWHWNWL,7482551,15669863
1885,SWHWNWL,7482551,34986125
1886,SWHZENC,7353545,15669866
1887,SWHZENC,7353545,15668688
1888,SWHZENC,7353545,15668463
1889,SWHZENC,7353545,15669772
1890,SWHZENC,7353545,15668466
1891,SWHZZEO,8108636,15668381
1892,SWHZZEO,8108636,15668478
1893,SWHZZEO,8108636,15668380
1894,SWHZZEO,8108636,15668688
1895,SWHZZEO,8108636,15668451
1896,SWLCCWC,8169684,15668688
1897,SWLCCWC,8169684,15668465
1898,SWLCCWC,8169684,15668379
1899,SWLCCWC,8169684,15668468
1900,SWLCCWC,8169684,15669910
1901,SWLCEZW,8106290,15668460
1902,SWLCEZW,8106290,15669866
1903,SWLCEZW,8106290,15669778
1904,SWLCEZW,8106290,15669885
1905,SWLCEZW,8106290,15669869
1906,SWLCNOE,7409204,15668465
1907,SWLCNOE,7409204,15668460
1908,SWLCNOE,7409204,15668467
1909,SWLCNOE,7409204,15668471
1910,SWLCNOE,7409204,15668468
1911,SWLCOHC,8342609,15669818
1912,SWLCOHC,8342609,15669780
1913,SWLCOHC,8342609,15668688
1914,SWLCOHC,8342609,15669769
1915,SWLCOHC,8342609,15668478
1916,SWLECZN,7504989,15668460
1917,SWLECZN,7504989,15668688
1918,SWLECZN,7504989,15668462
1919,SWLECZN,7504989,15668379
1920,SWLECZN,7504989,15669869
1921,SWLEOEC,7397516,15669780
1922,SWLEOEC,7397516,15669760
1923,SWLEOEC,7397516,15669860
1924,SWLEOEC,7397516,15669775
1925,SWLEOEC,7397516,15669804
1926,SWLEOSS,7753069,15670251
1927,SWLEOSS,7753069,15670157
1928,SWLEOSS,7753069,15670252
1929,SWLEOSS,7753069,15670250
1930,SWLEOSS,7753069,15670241
1931,SWLERES,8172842,15669776
1932,SWLERES,8172842,15668467
1933,SWLERES,8172842,15669861
1934,SWLERES,8172842,15668451
1935,SWLERES,8172842,15668379
1936,SWLERHS,7603462,15669869
1937,SWLERHS,7603462,15668468
1938,SWLERHS,7603462,15669881
1939,SWLERHS,7603462,7575499
1940,SWLERHS,7603462,15668381
1941,SWLEWSE,7764086,15669869
1942,SWLEWSE,7764086,15669878
1943,SWLEWSE,7764086,15669776
1944,SWLEWSE,7764086,7689353
1945,SWLEWSE,7764086,15669781
1946,SWLEZRR,7765027,15670260
1947,SWLEZRR,7765027,15668381
1948,SWLEZRR,7765027,15670251
1949,SWLEZRR,7765027,7579697
1950,SWLEZRR,7765027,7617882
1951,SWLHCLH,7825117,7572307
1952,SWLHCLH,7825117,7572303
1953,SWLHCLH,7825117,15668459
1954,SWLHCLH,7825117,15668465
1955,SWLHCLH,7825117,15669763
1956,SWLHHWS,7694372,15670250
1957,SWLHHWS,7694372,15670251
1958,SWLHHWS,7694372,15670241
1959,SWLHHWS,7694372,15670157
1960,SWLHHWS,7694372,15670196
1961,SWLHONH,8108886,15669832
1962,SWLHONH,8108886,15669872
1963,SWLHONH,8108886,15669880
1964,SWLHONH,8108886,15669857
1965,SWLHONH,8108886,15669883
1966,SWLHSRS,7853559,15668465
1967,SWLHSRS,7853559,15669817
1968,SWLHSRS,7853559,15668381
1969,SWLHSRS,7853559,15668478
1970,SWLHSRS,7853559,15668462
1971,SWLHWZE,7809643,15668381
1972,SWLHWZE,7809643,15669878
1973,SWLHWZE,7809643,15669781
1974,SWLHWZE,7809643,15669887
1975,SWLHWZE,7809643,15669780
1976,SWLLESL,7812284,15668378
1977,SWLLESL,7812284,15669769
1978,SWLLESL,7812284,15669863
1979,SWLLESL,7812284,15668478
1980,SWLLESL,7812284,15668468
1981,SWLLHHC,8136539,15669856
1982,SWLLHHC,8136539,15668379
1983,SWLLHHC,8136539,15669764
1984,SWLLHHC,8136539,15668460
1985,SWLLHHC,8136539,15668467
1986,SWLLLCW,7819500,15669772
1987,SWLLLCW,7819500,15668688
1988,SWLLLCW,7819500,15669869
1989,SWLLLCW,7819500,15668383
1990,SWLLLCW,7819500,7753734
1991,SWLLNRL,7672439,15668381
1992,SWLLNRL,7672439,15668459
1993,SWLLNRL,7672439,15670251
1994,SWLLNRL,7672439,15668685
1995,SWLLNRL,7672439,15670157
1996,SWLLREW,7618192,15668476
1997,SWLLREW,7618192,15668449
1998,SWLLREW,7618192,15668689
1999,SWLLREW,7618192,15670241
2000,SWLLREW,7618192,15668459
2001,SWLLRNC,8063911,15668448
2002,SWLLRNC,8063911,15668460
2003,SWLLRNC,8063911,15668687
2004,SWLLRNC,8063911,15668466
2005,SWLLRNC,8063911,15668377
2006,SWLLWNL,7762269,15670252
2007,SWLLWNL,7762269,15670254
2008,SWLLWNL,7762269,15668478
2009,SWLLWNL,7762269,15670241
2010,SWLLWNL,7762269,15668379
2011,SWLLWOS,8330753,15669832
2012,SWLLWOS,8330753,15669772
2013,SWLLWOS,8330753,15669869
2014,SWLLWOS,8330753,15669860
2015,SWLLWOS,8330753,15670267
2016,SWLLZCE,7821280,15669772
2017,SWLLZCE,7821280,15669782
2018,SWLLZCE,7821280,15669764
2019,SWLLZCE,7821280,15669775
2020,SWLLZCE,7821280,15669864
2021,SWLLZEH,7671910,15668465
2022,SWLLZEH,7671910,15668478
2023,SWLLZEH,7671910,15669764
2024,SWLLZEH,7671910,15669771
2025,SWLLZEH,7671910,15669778
2026,SWLLZEO,7850334,15668459
2027,SWLLZEO,7850334,15668381
2028,SWLLZEO,7850334,15668376
2029,SWLLZEO,7850334,15668688
2030,SWLLZEO,7850334,15668460
2031,SWLNCNW,8112695,15670260
2032,SWLNCNW,8112695,15670252
2033,SWLNCNW,8112695,15670157
2034,SWLNCNW,8112695,7587670
2035,SWLNCNW,8112695,15668449
2036,SWLNECZ,7584632,15669864
2037,SWLNECZ,7584632,15669863
2038,SWLNECZ,7584632,15669771
2039,SWLNECZ,7584632,15669859
2040,SWLNECZ,7584632,15669878
2041,SWLNLLZ,7551502,15668460
2042,SWLNLLZ,7551502,15670251
2043,SWLNLLZ,7551502,15668468
2044,SWLNLLZ,7551502,15668416
2045,SWLNLLZ,7551502,15670260
2046,SWLNLSH,7779672,15669878
2047,SWLNLSH,7779672,15668460
2048,SWLNLSH,7779672,15669887
2049,SWLNLSH,7779672,15669760
2050,SWLNLSH,7779672,15669778
2051,SWLNNNE,7719372,15669775
2052,SWLNNNE,7719372,15669857
2053,SWLNNNE,7719372,15669832
2054,SWLNNNE,7719372,7587669
2055,SWLNNNE,7719372,15669776
2056,SWLNRSC,7403661,15669773
2057,SWLNRSC,7403661,15669789
2058,SWLNRSC,7403661,15669772
2059,SWLNRSC,7403661,15669869
2060,SWLNRSC,7403661,15669860
2061,SWLNWOC,7480357,7587668
2062,SWLNWOC,7480357,15669856
2063,SWLNWOC,7480357,7587494
2064,SWLNWOC,7480357,7587665
2065,SWLNWOC,7480357,7625765
2066,SWLNZNC,8088038,15669780
2067,SWLNZNC,8088038,15669790
2068,SWLNZNC,8088038,15669878
2069,SWLNZNC,8088038,15669835
2070,SWLNZNC,8088038,15669880
2071,SWLOCLW,7801245,15669860
2072,SWLOCLW,7801245,15669769
2073,SWLOCLW,7801245,15669772
2074,SWLOCLW,7801245,15669771
2075,SWLOCLW,7801245,15669856
2076,SWLOELR,7862826,15669780
2077,SWLOELR,7862826,15669878
2078,SWLOELR,7862826,15669817
2079,SWLOELR,7862826,15669777
2080,SWLOELR,7862826,15669764
2081,SWLOHSN,7686461,15669878
2082,SWLOHSN,7686461,15669790
2083,SWLOHSN,7686461,15669865
2084,SWLOHSN,7686461,7580802
2085,SWLOHSN,7686461,15669778
2086,SWLOHSW,8249884,15669778
2087,SWLOHSW,8249884,15669869
2088,SWLOHSW,8249884,15669821
2089,SWLOHSW,8249884,15669864
2090,SWLOHSW,8249884,7580823
2091,SWLOLLS,8285456,15669832
2092,SWLOLLS,8285456,21408952
2093,SWLOLLS,8285456,15669760
2094,SWLOLLS,8285456,7573376
2095,SWLOLLS,8285456,15669821
2096,SWLONHO,7637305,15668460
2097,SWLONHO,7637305,15669760
2098,SWLONHO,7637305,7571385
2099,SWLONHO,7637305,15668378
2100,SWLONHO,7637305,15668457
2101,SWLONLL,7820348,15668462
2102,SWLONLL,7820348,15668381
2103,SWLONLL,7820348,15668473
2104,SWLONLL,7820348,15668460
2105,SWLONLL,7820348,15668474
2106,SWLONSR,8339940,15669869
2107,SWLONSR,8339940,15669880
2108,SWLONSR,8339940,15669825
2109,SWLONSR,8339940,15669772
2110,SWLONSR,8339940,15669857
2111,SWLOOSN,7764234,15669870
2112,SWLOOSN,7764234,15668474
2113,SWLOOSN,7764234,15669872
2114,SWLOOSN,7764234,15668416
2115,SWLOOSN,7764234,15669873
2116,SWLOREE,8321717,15669878
2117,SWLOREE,8321717,15669861
2118,SWLOREE,8321717,15669988
2119,SWLOREE,8321717,15669885
2120,SWLOREE,8321717,15669778
2121,SWLOZWE,8082912,15669780
2122,SWLOZWE,8082912,15669856
2123,SWLOZWE,8082912,15670267
2124,SWLOZWE,8082912,15669869
2125,SWLOZWE,8082912,15669778
2126,SWLRCRW,7552098,15668467
2127,SWLRCRW,7552098,15668378
2128,SWLRCRW,7552098,15668460
2129,SWLRCRW,7552098,15668459
2130,SWLRCRW,7552098,15668688
2131,SWLRERH,7714867,15669863
2132,SWLRERH,7714867,15669825
2133,SWLRERH,7714867,15669767
2134,SWLRERH,7714867,15669821
2135,SWLRERH,7714867,15669814
2136,SWLRHOW,8159930,15669878
2137,SWLRHOW,8159930,15669869
2138,SWLRHOW,8159930,15669760
2139,SWLRHOW,8159930,15669857
2140,SWLRHOW,8159930,15669863
2141,SWLRHRL,8141498,15669777
2142,SWLRHRL,8141498,15669790
2143,SWLRHRL,8141498,15669872
2144,SWLRHRL,8141498,15669776
2145,SWLRHRL,8141498,15669781
2146,SWLRHRW,7742018,15670157
2147,SWLRHRW,7742018,15670254
2148,SWLRHRW,7742018,15668471
2149,SWLRHRW,7742018,15670246
2150,SWLRHRW,7742018,15670251
2151,SWLRHSR,7749985,15668378
2152,SWLRHSR,7749985,15668688
2153,SWLRHSR,7749985,15669866
2154,SWLRHSR,7749985,15669762
2155,SWLRHSR,7749985,15669864
2156,SWLRNLH,7558409,15668381
2157,SWLRNLH,7558409,15668468
2158,SWLRNLH,7558409,15668467
2159,SWLRNLH,7558409,15668688
2160,SWLRNLH,7558409,15668463
2161,SWLROCE,7824172,15668378
2162,SWLROCE,7824172,15668688
2163,SWLROCE,7824172,15668455
2164,SWLROCE,7824172,15668383
2165,SWLROCE,7824172,15668478
2166,SWLRSOE,7742017,15670251
2167,SWLRSOE,7742017,15670241
2168,SWLRSOE,7742017,15670260
2169,SWLRSOE,7742017,7587657
2170,SWLRSOE,7742017,7587669
2171,SWLRWZO,7369894,15670252
2172,SWLRWZO,7369894,15668476
2173,SWLRWZO,7369894,15670250
2174,SWLRWZO,7369894,15670251
2175,SWLRWZO,7369894,15670248
2176,SWLRZNL,7503858,15668460
2177,SWLRZNL,7503858,15668462
2178,SWLRZNL,7503858,15668688
2179,SWLRZNL,7503858,15668449
2180,SWLRZNL,7503858,15668455
2181,SWLSCLN,8119388,15669777
2182,SWLSCLN,8119388,15669880
2183,SWLSCLN,8119388,15669878
2184,SWLSCLN,8119388,15669781
2185,SWLSCLN,8119388,15669887
2186,SWLSCOZ,8362837,15669880
2187,SWLSCOZ,8362837,15669818
2188,SWLSCOZ,8362837,15669781
2189,SWLSCOZ,8362837,15669832
2190,SWLSCOZ,8362837,15669835
2191,SWLSEEZ,7582160,15668381
2192,SWLSEEZ,7582160,15668378
2193,SWLSEEZ,7582160,15668462
2194,SWLSEEZ,7582160,15668457
2195,SWLSEEZ,7582160,15669772
2196,SWLSLCC,7403298,15669866
2197,SWLSLCC,7403298,15669988
2198,SWLSLCC,7403298,15669856
2199,SWLSLCC,7403298,15669878
2200,SWLSLCC,7403298,15669772
2201,SWLSLOE,7480050,15668381
2202,SWLSLOE,7480050,15669863
2203,SWLSLOE,7480050,15668378
2204,SWLSLOE,7480050,15669869
2205,SWLSLOE,7480050,15669878
2206,SWLSWLN,7406145,15669814
2207,SWLSWLN,7406145,15669821
2208,SWLSWLN,7406145,15669832
2209,SWLSWLN,7406145,15669878
2210,SWLSWLN,7406145,15669869
2211,SWLSZSE,7470681,15669777
2212,SWLSZSE,7470681,15668466
2213,SWLSZSE,7470681,15668469
2214,SWLSZSE,7470681,15669760
2215,SWLSZSE,7470681,15669780
2216,SWLSZWZ,7830638,15669880
2217,SWLSZWZ,7830638,15669824
2218,SWLSZWZ,7830638,15669861
2219,SWLSZWZ,7830638,15668460
2220,SWLSZWZ,7830638,15669869
2221,SWLWCHH,8191841,7573376
2222,SWLWCHH,8191841,15669863
2223,SWLWCHH,8191841,7572313
2224,SWLWCHH,8191841,15669824
2225,SWLWCHH,8191841,15669764
2226,SWLWCLW,7793755,7590867
2227,SWLWCLW,7793755,15668467
2228,SWLWCLW,7793755,15668688
2229,SWLWCLW,7793755,15668381
2230,SWLWCLW,7793755,15668457
2231,SWLWCSW,7806900,15669878
2232,SWLWCSW,7806900,15668688
2233,SWLWCSW,7806900,15668460
2234,SWLWCSW,7806900,15668378
2235,SWLWCSW,7806900,15668381
2236,SWLWHWC,7565166,15668688
2237,SWLWHWC,7565166,15668467
2238,SWLWHWC,7565166,15668473
2239,SWLWHWC,7565166,15668478
2240,SWLWHWC,7565166,15668381
2241,SWLWNLC,8193965,15669872
2242,SWLWNLC,8193965,15669881
2243,SWLWNLC,8193965,15669880
2244,SWLWNLC,8193965,15669777
2245,SWLWNLC,8193965,15669869
2246,SWLWNSW,8328427,15669778
2247,SWLWNSW,8328427,15669760
2248,SWLWNSW,8328427,15669881
2249,SWLWNSW,8328427,15669764
2250,SWLWNSW,8328427,15669859
2251,SWLWNWH,7618134,15668462
2252,SWLWNWH,7618134,15668459
2253,SWLWNWH,7618134,15670157
2254,SWLWNWH,7618134,15670252
2255,SWLWNWH,7618134,15668378
2256,SWLWNZW,7768104,15669860
2257,SWLWNZW,7768104,15669769
2258,SWLWNZW,7768104,15669762
2259,SWLWNZW,7768104,7569802
2260,SWLWNZW,7768104,15669863
2261,SWLZLWS,8126177,7572432
2262,SWLZLWS,8126177,15668688
2263,SWLZLWS,8126177,15668380
2264,SWLZLWS,8126177,15669856
2265,SWLZLWS,8126177,15669817
2266,SWLZNHZ,7717595,15669869
2267,SWLZNHZ,7717595,15669864
2268,SWLZNHZ,7717595,15669786
2269,SWLZNHZ,7717595,15669878
2270,SWLZNHZ,7717595,15669771
2271,SWLZRZH,8120159,15668465
2272,SWLZRZH,8120159,15668379
2273,SWLZRZH,8120159,15668458
2274,SWLZRZH,8120159,15668467
2275,SWLZRZH,8120159,15668473
2276,SWLZSNO,8081317,15670271
2277,SWLZSNO,8081317,15669814
2278,SWLZSNO,8081317,15669832
2279,SWLZSNO,8081317,15669767
2280,SWLZSNO,8081317,7753739
2281,SWNCLZZ,8265546,15668688
2282,SWNCLZZ,8265546,15669857
2283,SWNCLZZ,8265546,15669764
2284,SWNCLZZ,8265546,15670269
2285,SWNCLZZ,8265546,15669772
2286,SWNCNOL,8336683,15668478
2287,SWNCNOL,8336683,15668688
2288,SWNCNOL,8336683,15668594
2289,SWNCNOL,8336683,15668449
2290,SWNCNOL,8336683,15668468
2291,SWNCOOR,8082957,15669823
2292,SWNCOOR,8082957,15669869
2293,SWNCOOR,8082957,15669814
2294,SWNCOOR,8082957,15669781
2295,SWNCOOR,8082957,15669772
2296,SWNCZWO,7764318,15668378
2297,SWNCZWO,7764318,15669864
2298,SWNCZWO,7764318,15668462
2299,SWNCZWO,7764318,15668688
2300,SWNCZWO,7764318,15668453
2301,SWNECLZ,7830364,7627860
2302,SWNECLZ,7830364,15668474
2303,SWNECLZ,7830364,15669885
2304,SWNECLZ,7830364,15668459
2305,SWNECLZ,7830364,15669863
2306,SWNEESC,7518687,15668460
2307,SWNEESC,7518687,15669878
2308,SWNEESC,7518687,15668688
2309,SWNEESC,7518687,15669817
2310,SWNEESC,7518687,15668468
2311,SWNEHEC,8079383,15668381
2312,SWNEHEC,8079383,15668688
2313,SWNEHEC,8079383,15668467
2314,SWNEHEC,8079383,15668462
2315,SWNEHEC,8079383,15668377
2316,SWNEHSL,8079264,15669965
2317,SWNEHSL,8079264,15669799
2318,SWNEHSL,8079264,15669859
2319,SWNEHSL,8079264,15669860
2320,SWNEHSL,8079264,15669780
2321,SWNEOSH,7663653,15670157
2322,SWNEOSH,7663653,15668378
2323,SWNEOSH,7663653,15670250
2324,SWNEOSH,7663653,15669878
2325,SWNEOSH,7663653,15669772
2326,SWNERHS,7587534,15670251
2327,SWNERHS,7587534,15670260
2328,SWNERHS,7587534,15670159
2329,SWNERHS,7587534,15670254
2330,SWNERHS,7587534,15670250
2331,SWNESWN,7863862,15668465
2332,SWNESWN,7863862,15668381
2333,SWNESWN,7863862,15669773
2334,SWNESWN,7863862,15669863
2335,SWNESWN,7863862,15669760
2336,SWNEWHL,7771245,15668462
2337,SWNEWHL,7771245,15668379
2338,SWNEWHL,7771245,15668474
2339,SWNEWHL,7771245,15668468
2340,SWNEWHL,7771245,15668381
2341,SWNEWRZ,8098117,15669880
2342,SWNEWRZ,8098117,15669869
2343,SWNEWRZ,8098117,7637309
2344,SWNEWRZ,8098117,15669763
2345,SWNEWRZ,8098117,7572310
2346,SWNEZSE,7791568,15668689
2347,SWNEZSE,7791568,15668452
2348,SWNEZSE,7791568,15669764
2349,SWNEZSE,7791568,7593949
2350,SWNEZSE,7791568,15668468
2351,SWNHEEW,8254821,15668381
2352,SWNHEEW,8254821,15668688
2353,SWNHEEW,8254821,15668377
2354,SWNHEEW,8254821,15669878
2355,SWNHEEW,8254821,15668379
2356,SWNHESZ,7808939,15669764
2357,SWNHESZ,7808939,15668462
2358,SWNHESZ,7808939,15669778
2359,SWNHESZ,7808939,15669773
2360,SWNHESZ,7808939,15669777
2361,SWNHHOE,8078249,15669767
2362,SWNHHOE,8078249,15669786
2363,SWNHHOE,8078249,15669881
2364,SWNHHOE,8078249,15669780
2365,SWNHHOE,8078249,15669870
2366,SWNHHOR,7760313,15669778
2367,SWNHHOR,7760313,15669875
2368,SWNHHOR,7760313,93289487
2369,SWNHHOR,7760313,15669860
2370,SWNHHOR,7760313,15669881
2371,SWNHHRL,8279511,15669832
2372,SWNHHRL,8279511,15669872
2373,SWNHHRL,8279511,15669760
2374,SWNHHRL,8279511,15669869
2375,SWNHHRL,8279511,15669812
2376,SWNHNRN,7817216,15668478
2377,SWNHNRN,7817216,15668471
2378,SWNHNRN,7817216,15668379
2379,SWNHNRN,7817216,15668462
2380,SWNHNRN,7817216,15668381
2381,SWNHZEE,7782046,15668468
2382,SWNHZEE,7782046,15670251
2383,SWNHZEE,7782046,15669863
2384,SWNHZEE,7782046,15668478
2385,SWNHZEE,7782046,15670250
2386,SWNHZNC,8277630,15668460
2387,SWNHZNC,8277630,15668688
2388,SWNHZNC,8277630,15668467
2389,SWNHZNC,8277630,15668462
2390,SWNHZNC,8277630,15668471
2391,SWNHZNW,8269882,15668473
2392,SWNHZNW,8269882,15668381
2393,SWNHZNW,8269882,15668378
2394,SWNHZNW,8269882,15669880
2395,SWNHZNW,8269882,15668688
2396,SWNLHOO,8215172,15668378
2397,SWNLHOO,8215172,15669767
2398,SWNLHOO,8215172,15668467
2399,SWNLHOO,8215172,15669856
2400,SWNLHOO,8215172,15668688
2401,SWNLNRZ,8348887,7735707
2402,SWNLNRZ,8348887,7569799
2403,SWNLNRZ,8348887,15669887
2404,SWNLNRZ,8348887,7572433
2405,SWNLNRZ,8348887,7569805
2406,SWNLOLC,7813835,15669860
2407,SWNLOLC,7813835,15669763
2408,SWNLOLC,7813835,15669762
2409,SWNLOLC,7813835,15668460
2410,SWNLOLC,7813835,15669769
2411,SWNLWHR,8176127,15668460
2412,SWNLWHR,8176127,15668458
2413,SWNLWHR,8176127,15669861
2414,SWNLWHR,8176127,15668688
2415,SWNLWHR,8176127,7572242
2416,SWNLZNW,7526450,15668381
2417,SWNLZNW,7526450,15670157
2418,SWNLZNW,7526450,15668459
2419,SWNLZNW,7526450,15668468
2420,SWNLZNW,7526450,15668379
2421,SWNNNER,7551396,15668381
2422,SWNNNER,7551396,15668478
2423,SWNNNER,7551396,15669780
2424,SWNNNER,7551396,7580802
2425,SWNNNER,7551396,15669869
2426,SWNNNES,7862618,15668379
2427,SWNNNES,7862618,15668383
2428,SWNNNES,7862618,15669772
2429,SWNNNES,7862618,15669780
2430,SWNNNES,7862618,15669875
2431,SWNNNNE,7703517,15669776
2432,SWNNNNE,7703517,15669761
2433,SWNNNNE,7703517,15669857
2434,SWNNNNE,7703517,15669861
2435,SWNNNNE,7703517,7689353
2436,SWNNOWW,7730836,15668467
2437,SWNNOWW,7730836,15668688
2438,SWNNOWW,7730836,15668379
2439,SWNNOWW,7730836,15668381
2440,SWNNOWW,7730836,15668455
2441,SWNNRHC,7765977,15668689
2442,SWNNRHC,7765977,15668381
2443,SWNNRHC,7765977,15668594
2444,SWNNRHC,7765977,15670241
2445,SWNNRHC,7765977,15668379
2446,SWNNRHE,8077922,15669832
2447,SWNNRHE,8077922,34986112
2448,SWNNRHE,8077922,15669776
2449,SWNNRHE,8077922,15669869
2450,SWNNRHE,8077922,7587494
2451,SWNNSSH,8274447,15668460
2452,SWNNSSH,8274447,15668478
2453,SWNNSSH,8274447,15669764
2454,SWNNSSH,8274447,15668381
2455,SWNNSSH,8274447,15668378
2456,SWNNWZZ,7788465,15668685
2457,SWNNWZZ,7788465,15668688
2458,SWNNWZZ,7788465,7580034
2459,SWNNWZZ,7788465,15668459
2460,SWNNWZZ,7788465,15668458
2461,SWNNZHH,7501860,15668688
2462,SWNNZHH,7501860,15668474
2463,SWNNZHH,7501860,15668462
2464,SWNNZHH,7501860,15668381
2465,SWNNZHH,7501860,15668379
2466,SWNNZOR,7756215,15668468
2467,SWNNZOR,7756215,15668460
2468,SWNNZOR,7756215,15668452
2469,SWNNZOR,7756215,15668474
2470,SWNNZOR,7756215,15668454
2471,SWNOCER,7705323,15669878
2472,SWNOCER,7705323,15669885
2473,SWNOCER,7705323,15669869
2474,SWNOCER,7705323,15669864
2475,SWNOCER,7705323,15669860
2476,SWNOLEE,7604413,15668478
2477,SWNOLEE,7604413,15668465
2478,SWNOLEE,7604413,15669878
2479,SWNOLEE,7604413,15668467
2480,SWNOLEE,7604413,15669780
2481,SWNORRH,8071210,15669863
2482,SWNORRH,8071210,15669777
2483,SWNORRH,8071210,15669776
2484,SWNORRH,8071210,15669814
2485,SWNORRH,8071210,15669778
2486,SWNRCHO,8296564,15669880
2487,SWNRCHO,8296564,15669772
2488,SWNRCHO,8296564,7629390
2489,SWNRCHO,8296564,15669821
2490,SWNRCHO,8296564,15669869
2491,SWNRHHO,7745973,7590864
2492,SWNRHHO,7745973,15668379
2493,SWNRHHO,7745973,15670157
2494,SWNRHHO,7745973,7590867
2495,SWNRHHO,7745973,15670260
2496,SWNRHOZ,8279863,15669778
2497,SWNRHOZ,8279863,15669767
2498,SWNRHOZ,8279863,15669769
2499,SWNRHOZ,8279863,15670267
2500,SWNRHOZ,8279863,15669777
2501,SWNRHWZ,8145266,15669880
2502,SWNRHWZ,8145266,15669838
2503,SWNRHWZ,8145266,21408952
2504,SWNRHWZ,8145266,15669861
2505,SWNRHWZ,8145266,15669870
2506,SWNRLEZ,8075456,15669823
2507,SWNRLEZ,8075456,15669817
2508,SWNRLEZ,8075456,34986328
2509,SWNRLEZ,8075456,34986112
2510,SWNRLEZ,8075456,15669760
2511,SWNRLOS,8074475,15669803
2512,SWNRLOS,8074475,15669814
2513,SWNRLOS,8074475,15669789
2514,SWNRLOS,8074475,15669823
2515,SWNRLOS,8074475,34987566
2516,SWNRNSO,8131723,15668460
2517,SWNRNSO,8131723,15669869
2518,SWNRNSO,8131723,15669772
2519,SWNRNSO,8131723,15668471
2520,SWNRNSO,8131723,15669988
2521,SWNROCL,7748353,15668688
2522,SWNROCL,7748353,15668451
2523,SWNROCL,7748353,15669864
2524,SWNROCL,7748353,15668465
2525,SWNROCL,7748353,15668455
2526,SWNRSWS,8143429,15669832
2527,SWNRSWS,8143429,15669886
2528,SWNRSWS,8143429,15669761
2529,SWNRSWS,8143429,15669818
2530,SWNRSWS,8143429,34987567
2531,SWNRWOH,7826605,15669880
2532,SWNRWOH,7826605,15669878
2533,SWNRWOH,7826605,15669864
2534,SWNRWOH,7826605,15668378
2535,SWNRWOH,7826605,15669886
2536,SWNRZEW,8273657,15669789
2537,SWNRZEW,8273657,7580802
2538,SWNRZEW,8273657,15669764
2539,SWNRZEW,8273657,15669780
2540,SWNRZEW,8273657,15669821
2541,SWNSCOW,8083700,15669776
2542,SWNSCOW,8083700,15669777
2543,SWNSCOW,8083700,15669882
2544,SWNSCOW,8083700,15669814
2545,SWNSCOW,8083700,15669781
2546,SWNSEHW,8227204,15668468
2547,SWNSEHW,8227204,15668688
2548,SWNSEHW,8227204,15669878
2549,SWNSEHW,8227204,93141092
2550,SWNSEHW,8227204,15668378
2551,SWNSONN,7656814,15668688
2552,SWNSONN,7656814,15668467
2553,SWNSONN,7656814,15668462
2554,SWNSONN,7656814,15668378
2555,SWNSONN,7656814,15668460
2556,SWNSRNC,7783825,15668465
2557,SWNSRNC,7783825,15668467
2558,SWNSRNC,7783825,15669878
2559,SWNSRNC,7783825,15668459
2560,SWNSRNC,7783825,7593949
2561,SWNSSEW,7752825,15669780
2562,SWNSSEW,7752825,15669865
2563,SWNSSEW,7752825,15669821
2564,SWNSSEW,7752825,15669823
2565,SWNSSEW,7752825,15669760
2566,SWNSWNZ,7734225,15669777
2567,SWNSWNZ,7734225,15669869
2568,SWNSWNZ,7734225,15669780
2569,SWNSWNZ,7734225,15669863
2570,SWNSWNZ,7734225,15669832
2571,SWNWCOL,7653432,15670157
2572,SWNWCOL,7653432,15668378
2573,SWNWCOL,7653432,15668381
2574,SWNWCOL,7653432,15669780
2575,SWNWCOL,7653432,15668453
2576,SWNWHRL,7487417,15669777
2577,SWNWHRL,7487417,15669880
2578,SWNWHRL,7487417,15669873
2579,SWNWHRL,7487417,15669760
2580,SWNWHRL,7487417,15669870
2581,SWNWSCO,7826710,15668379
2582,SWNWSCO,7826710,15668689
2583,SWNWSCO,7826710,15668457
2584,SWNWSCO,7826710,15668468
2585,SWNWSCO,7826710,15669863
2586,SWNZHSH,8138408,15669795
2587,SWNZHSH,8138408,15669965
2588,SWNZHSH,8138408,15669880
2589,SWNZHSH,8138408,15669780
2590,SWNZHSH,8138408,15669760
2591,SWNZHZN,8140923,15669878
2592,SWNZHZN,8140923,7624790
2593,SWNZHZN,8140923,15669760
2594,SWNZHZN,8140923,15669821
2595,SWNZHZN,8140923,34986125
2596,SWNZLOO,7626754,15670251
2597,SWNZLOO,7626754,15668688
2598,SWNZLOO,7626754,15670157
2599,SWNZLOO,7626754,15670250
2600,SWNZLOO,7626754,15669886
2601,SWNZOLC,8072719,15668685
2602,SWNZOLC,8072719,15668468
2603,SWNZOLC,8072719,15668378
2604,SWNZOLC,8072719,15668688
2605,SWNZOLC,8072719,15668458
2606,SWNZWNZ,8374672,15669864
2607,SWNZWNZ,8374672,15669856
2608,SWNZWNZ,8374672,15669772
2609,SWNZWNZ,8374672,15669863
2610,SWNZWNZ,8374672,15669780
2611,SWNZWRC,8383377,15669856
2612,SWNZWRC,8383377,15669866
2613,SWNZWRC,8383377,7627860
2614,SWNZWRC,8383377,15669821
2615,SWNZWRC,8383377,15669772
2616,SWOCCHL,7618684,7587698
2617,SWOCCHL,7618684,7543241
2618,SWOCCHL,7618684,15669777
2619,SWOCCHL,7618684,15669835
2620,SWOCCHL,7618684,15669860
2621,SWOCCOL,8141158,15669769
2622,SWOCCOL,8141158,15669869
2623,SWOCCOL,8141158,15669866
2624,SWOCCOL,8141158,15668381
2625,SWOCCOL,8141158,15669878
2626,SWOCEEH,7775378,15668689
2627,SWOCEEH,7775378,15668459
2628,SWOCEEH,7775378,15668685
2629,SWOCEEH,7775378,15668474
2630,SWOCEEH,7775378,15668381
2631,SWOCELW,8179947,15668381
2632,SWOCELW,8179947,15668460
2633,SWOCELW,8179947,15668473
2634,SWOCELW,8179947,15668458
2635,SWOCELW,8179947,15668378
2636,SWOCEOC,7733315,15668379
2637,SWOCEOC,7733315,15669860
2638,SWOCEOC,7733315,15668473
2639,SWOCEOC,7733315,15669878
2640,SWOCEOC,7733315,15668688
2641,SWOCEOZ,8270508,15669869
2642,SWOCEOZ,8270508,15669880
2643,SWOCEOZ,8270508,21408953
2644,SWOCEOZ,8270508,15669767
2645,SWOCEOZ,8270508,7594817
2646,SWOCHZL,8355025,34987566
2647,SWOCHZL,8355025,15669777
2648,SWOCHZL,8355025,15669767
2649,SWOCHZL,8355025,15669857
2650,SWOCHZL,8355025,34986128
2651,SWOCLHE,7785531,15669869
2652,SWOCLHE,7785531,15668468
2653,SWOCLHE,7785531,15669885
2654,SWOCLHE,7785531,15669778
2655,SWOCLHE,7785531,15668379
2656,SWOCNCN,8322799,7578347
2657,SWOCNCN,8322799,7572301
2658,SWOCNCN,8322799,7572300
2659,SWOCNCN,8322799,7569799
2660,SWOCNCN,8322799,15669783
2661,SWOCNOC,7771136,7585573
2662,SWOCNOC,7771136,15668381
2663,SWOCNOC,7771136,15668453
2664,SWOCNOC,7771136,15668469
2665,SWOCNOC,7771136,15668460
2666,SWOCNOH,7525683,15670160
2667,SWOCNOH,7525683,15670252
2668,SWOCNOH,7525683,15670192
2669,SWOCNOH,7525683,15670241
2670,SWOCNOH,7525683,15670245
2671,SWOCOEN,7583327,15668467
2672,SWOCOEN,7583327,15668688
2673,SWOCOEN,7583327,7569801
2674,SWOCOEN,7583327,15668381
2675,SWOCOEN,7583327,15668451
2676,SWOCOOS,7757206,15668470
2677,SWOCOOS,7757206,15668467
2678,SWOCOOS,7757206,15668378
2679,SWOCOOS,7757206,15668688
2680,SWOCOOS,7757206,15669778
2681,SWOCZER,8084306,93141023
2682,SWOCZER,8084306,15670260
2683,SWOCZER,8084306,15670157
2684,SWOCZER,8084306,15670192
2685,SWOCZER,8084306,15670163
2686,SWOECCE,7637074,15668381
2687,SWOECCE,7637074,15668465
2688,SWOECCE,7637074,15668459
2689,SWOECCE,7637074,15668685
2690,SWOECCE,7637074,15668460
2691,SWOECRH,7431323,15670157
2692,SWOECRH,7431323,15668460
2693,SWOECRH,7431323,15670251
2694,SWOECRH,7431323,15668462
2695,SWOECRH,7431323,15670241
2696,SWOEOCZ,8355842,15669778
2697,SWOEOCZ,8355842,15669860
2698,SWOEOCZ,8355842,15669780
2699,SWOEOCZ,8355842,15669761
2700,SWOEOCZ,8355842,15669876
2701,SWOEOHC,8061163,15669775
2702,SWOEOHC,8061163,15669870
2703,SWOEOHC,8061163,15669767
2704,SWOEOHC,8061163,15669776
2705,SWOEOHC,8061163,15669832
2706,SWOEORS,7754398,15668465
2707,SWOEORS,7754398,15668478
2708,SWOEORS,7754398,15668689
2709,SWOEORS,7754398,15668459
2710,SWOEORS,7754398,15670157
2711,SWOERWC,8090614,15669858
2712,SWOERWC,8090614,15669880
2713,SWOERWC,8090614,15668688
2714,SWOERWC,8090614,15669791
2715,SWOERWC,8090614,15669814
2716,SWOERZO,7783137,15668478
2717,SWOERZO,7783137,15668378
2718,SWOERZO,7783137,15669821
2719,SWOERZO,7783137,15669861
2720,SWOERZO,7783137,15668688
2721,SWOESOR,8209695,15669832
2722,SWOESOR,8209695,15669880
2723,SWOESOR,8209695,15668460
2724,SWOESOR,8209695,15668381
2725,SWOESOR,8209695,15669857
2726,SWOEWRH,7496586,15668688
2727,SWOEWRH,7496586,15668381
2728,SWOEWRH,7496586,15668474
2729,SWOEWRH,7496586,15668480
2730,SWOEWRH,7496586,93141022
2731,SWOEZES,8076206,15669869
2732,SWOEZES,8076206,15669878
2733,SWOEZES,8076206,15669866
2734,SWOEZES,8076206,15669777
2735,SWOEZES,8076206,15669965
2736,SWOHCHL,7721190,15670252
2737,SWOHCHL,7721190,15668469
2738,SWOHCHL,7721190,15668473
2739,SWOHCHL,7721190,15670251
2740,SWOHCHL,7721190,15668378
2741,SWOHCZL,7709440,15669860
2742,SWOHCZL,7709440,15669778
2743,SWOHCZL,7709440,15668459
2744,SWOHCZL,7709440,15669866
2745,SWOHCZL,7709440,15668468
2746,SWOHNSL,8136707,15669869
2747,SWOHNSL,8136707,15668381
2748,SWOHNSL,8136707,15668688
2749,SWOHNSL,8136707,15669887
2750,SWOHNSL,8136707,15668467
2751,SWOHOER,7738863,15670157
2752,SWOHOER,7738863,15670260
2753,SWOHOER,7738863,15670250
2754,SWOHOER,7738863,15668383
2755,SWOHOER,7738863,15670241
2756,SWOHOZL,8287030,15669764
2757,SWOHOZL,8287030,15669821
2758,SWOHOZL,8287030,15669771
2759,SWOHOZL,8287030,15669776
2760,SWOHOZL,8287030,15669861
2761,SWOHOZR,7699855,15668451
2762,SWOHOZR,7699855,15668473
2763,SWOHOZR,7699855,15668460
2764,SWOHOZR,7699855,15668383
2765,SWOHOZR,7699855,15668455
2766,SWOHWWN,7764985,15668465
2767,SWOHWWN,7764985,15669777
2768,SWOHWWN,7764985,15668478
2769,SWOHWWN,7764985,15669764
2770,SWOHWWN,7764985,15669780
2771,SWOLLEN,7402891,15668460
2772,SWOLLEN,7402891,15668449
2773,SWOLLEN,7402891,15668595
2774,SWOLLEN,7402891,15668381
2775,SWOLLEN,7402891,15668474
2776,SWOLLLE,7611197,7587667
2777,SWOLLLE,7611197,7587675
2778,SWOLLLE,7611197,7587661
2779,SWOLLLE,7611197,7587672
2780,SWOLLLE,7611197,7587669
2781,SWOLONZ,7457237,15668381
2782,SWOLONZ,7457237,15668460
2783,SWOLONZ,7457237,15668471
2784,SWOLONZ,7457237,15668473
2785,SWOLONZ,7457237,15668685
2786,SWOLOOS,7580491,15669863
2787,SWOLOOS,7580491,15668685
2788,SWOLOOS,7580491,15669864
2789,SWOLOOS,7580491,15668467
2790,SWOLOOS,7580491,15668381
2791,SWOLOWW,7459927,15668467
2792,SWOLOWW,7459927,15668381
2793,SWOLOWW,7459927,15668468
2794,SWOLOWW,7459927,15669764
2795,SWOLOWW,7459927,15669878
2796,SWOLZSC,7552991,15670251
2797,SWOLZSC,7552991,15668688
2798,SWOLZSC,7552991,15670260
2799,SWOLZSC,7552991,15669878
2800,SWOLZSC,7552991,15668468
2801,SWONCSR,8156983,7572304
2802,SWONCSR,8156983,15669881
2803,SWONCSR,8156983,15669769
2804,SWONCSR,8156983,7587664
2805,SWONCSR,8156983,7587669
2806,SWONECO,8130134,15669870
2807,SWONECO,8130134,15668381
2808,SWONECO,8130134,15668466
2809,SWONECO,8130134,15668460
2810,SWONECO,8130134,15669771
2811,SWONLWN,8247161,15670269
2812,SWONLWN,8247161,15668460
2813,SWONLWN,8247161,15669872
2814,SWONLWN,8247161,15670267
2815,SWONLWN,8247161,15669775
2816,SWONORL,8089133,15668462
2817,SWONORL,8089133,15668378
2818,SWONORL,8089133,15668478
2819,SWONORL,8089133,7580802
2820,SWONORL,8089133,34986129
2821,SWONWWS,7707108,15668462
2822,SWONWWS,7707108,15668685
2823,SWONWWS,7707108,15670250
2824,SWONWWS,7707108,15668688
2825,SWONWWS,7707108,15670260
2826,SWOOEZE,7795816,15668688
2827,SWOOEZE,7795816,15669878
2828,SWOOEZE,7795816,15668378
2829,SWOOEZE,7795816,15668459
2830,SWOOEZE,7795816,15668462
2831,SWOOHLC,8218426,7569802
2832,SWOOHLC,8218426,15668379
2833,SWOOHLC,8218426,15668381
2834,SWOOHLC,8218426,92388173
2835,SWOOHLC,8218426,15668460
2836,SWOOLHC,7686733,15668379
2837,SWOOLHC,7686733,15669881
2838,SWOOLHC,7686733,15668459
2839,SWOOLHC,7686733,15669764
2840,SWOOLHC,7686733,15668688
2841,SWOOLLE,8194178,15668378
2842,SWOOLLE,8194178,15668478
2843,SWOOLLE,8194178,15668381
2844,SWOOLLE,8194178,15668379
2845,SWOOLLE,8194178,15668465
2846,SWOOLNC,7642371,15668379
2847,SWOOLNC,7642371,15668478
2848,SWOOLNC,7642371,15668468
2849,SWOOLNC,7642371,15668457
2850,SWOOLNC,7642371,15670251
2851,SWOOLZW,8122589,15669761
2852,SWOOLZW,8122589,7574242
2853,SWOOLZW,8122589,15669884
2854,SWOOLZW,8122589,15669880
2855,SWOOLZW,8122589,15669817
2856,SWOOOLL,7559166,15668688
2857,SWOOOLL,7559166,15668467
2858,SWOOOLL,7559166,15668455
2859,SWOOOLL,7559166,15668381
2860,SWOOOLL,7559166,15668478
2861,SWOORON,8200309,15669878
2862,SWOORON,8200309,15669880
2863,SWOORON,8200309,15669856
2864,SWOORON,8200309,15669814
2865,SWOORON,8200309,15669965
2866,SWOOZRS,7788834,15668379
2867,SWOOZRS,7788834,15668478
2868,SWOOZRS,7788834,15668459
2869,SWOOZRS,7788834,15668381
2870,SWOOZRS,7788834,15669783
2871,SWORCOW,8256932,15668378
2872,SWORCOW,8256932,15669822
2873,SWORCOW,8256932,15669790
2874,SWORCOW,8256932,15669791
2875,SWORCOW,8256932,15669881
2876,SWOREWH,8148898,15668460
2877,SWOREWH,8148898,15668378
2878,SWOREWH,8148898,15668458
2879,SWOREWH,8148898,15669762
2880,SWOREWH,8148898,15668449
2881,SWORLSW,7660824,15668453
2882,SWORLSW,7660824,15668519
2883,SWORLSW,7660824,15668381
2884,SWORLSW,7660824,15669863
2885,SWORLSW,7660824,15668460
2886,SWORNSW,8081573,15668460
2887,SWORNSW,8081573,15668381
2888,SWORNSW,8081573,15668688
2889,SWORNSW,8081573,15668478
2890,SWORNSW,8081573,15668378
2891,SWORWHW,7448378,15669777
2892,SWORWHW,7448378,15668379
2893,SWORWHW,7448378,15669863
2894,SWORWHW,7448378,15668688
2895,SWORWHW,7448378,15668468
2896,SWORWZH,7497186,15669864
2897,SWORWZH,7497186,15669869
2898,SWORWZH,7497186,15669781
2899,SWORWZH,7497186,15668468
2900,SWORWZH,7497186,15669814
2901,SWORZLW,8206519,15668379
2902,SWORZLW,8206519,15669764
2903,SWORZLW,8206519,15668465
2904,SWORZLW,8206519,15669878
2905,SWORZLW,8206519,15668467
2906,SWOSCER,7607068,15669869
2907,SWOSCER,7607068,15669864
2908,SWOSCER,7607068,15669772
2909,SWOSCER,7607068,15669860
2910,SWOSCER,7607068,7580823
2911,SWOSCLE,7585530,15668465
2912,SWOSCLE,7585530,15668468
2913,SWOSCLE,7585530,15668379
2914,SWOSCLE,7585530,15668519
2915,SWOSCLE,7585530,15668451
2916,SWOSCLN,8134370,15669778
2917,SWOSCLN,8134370,15668460
2918,SWOSCLN,8134370,15669763
2919,SWOSCLN,8134370,15669764
2920,SWOSCLN,8134370,15669772
2921,SWOSECL,8356860,15669856
2922,SWOSECL,8356860,15669835
2923,SWOSECL,8356860,15669872
2924,SWOSECL,8356860,15669781
2925,SWOSECL,8356860,7637309
2926,SWOSEOE,7602550,15670163
2927,SWOSEOE,7602550,15668478
2928,SWOSEOE,7602550,15670251
2929,SWOSEOE,7602550,15670248
2930,SWOSEOE,7602550,15668462
2931,SWOSHSO,7682167,15668542
2932,SWOSHSO,7682167,15668381
2933,SWOSHSO,7682167,15670251
2934,SWOSHSO,7682167,15669789
2935,SWOSHSO,7682167,15668460
2936,SWOSLLW,7798184,15669878
2937,SWOSLLW,7798184,15668478
2938,SWOSLLW,7798184,15669780
2939,SWOSLLW,7798184,15669860
2940,SWOSLLW,7798184,7572251
2941,SWOSOHE,8150875,15669870
2942,SWOSOHE,8150875,15668473
2943,SWOSOHE,8150875,7580823
2944,SWOSOHE,8150875,15669880
2945,SWOSOHE,8150875,15669857
2946,SWOSSRS,7690884,15668449
2947,SWOSSRS,7690884,15668465
2948,SWOSSRS,7690884,15668542
2949,SWOSSRS,7690884,15668379
2950,SWOSSRS,7690884,15668460
2951,SWOSSZE,7443402,7572301
2952,SWOSSZE,7443402,15668449
2953,SWOSSZE,7443402,15668460
2954,SWOSSZE,7443402,15668465
2955,SWOSSZE,7443402,7625765
2956,SWOSZOL,8075344,15668460
2957,SWOSZOL,8075344,15668688
2958,SWOSZOL,8075344,34990774
2959,SWOSZOL,8075344,15668381
2960,SWOSZOL,8075344,15668478
2961,SWOWCRW,7454503,15668381
2962,SWOWCRW,7454503,15669878
2963,SWOWCRW,7454503,15668460
2964,SWOWCRW,7454503,15668470
2965,SWOWCRW,7454503,15668451
2966,SWOWELS,8228490,15668379
2967,SWOWELS,8228490,15668465
2968,SWOWELS,8228490,15668451
2969,SWOWELS,8228490,15669832
2970,SWOWELS,8228490,15669880
2971,SWOWNNR,7410387,15668688
2972,SWOWNNR,7410387,15668379
2973,SWOWNNR,7410387,15668460
2974,SWOWNNR,7410387,15668478
2975,SWOWNNR,7410387,15668467
2976,SWOWSZW,8074454,15669772
2977,SWOWSZW,8074454,15668378
2978,SWOWSZW,8074454,15668379
2979,SWOWSZW,8074454,15669860
2980,SWOWSZW,8074454,15668469
2981,SWOWWLL,8247009,15668381
2982,SWOWWLL,8247009,15668378
2983,SWOWWLL,8247009,15669872
2984,SWOWWLL,8247009,15669817
2985,SWOWWLL,8247009,15668688
2986,SWOZCRC,7381183,15669789
2987,SWOZCRC,7381183,15668478
2988,SWOZCRC,7381183,7573376
2989,SWOZCRC,7381183,15669821
2990,SWOZCRC,7381183,15669773
2991,SWOZECO,8104047,15669814
2992,SWOZECO,8104047,15669863
2993,SWOZECO,8104047,15670270
2994,SWOZECO,8104047,34986113
2995,SWOZECO,8104047,15669776
2996,SWOZELS,8304435,15668460
2997,SWOZELS,8304435,15668381
2998,SWOZELS,8304435,15668467
2999,SWOZELS,8304435,15668473
3000,SWOZELS,8304435,15669777
3001,SWOZLCN,7605272,15669864
3002,SWOZLCN,7605272,15669880
3003,SWOZLCN,7605272,7573376
3004,SWOZLCN,7605272,15669764
3005,SWOZLCN,7605272,7569801
3006,SWOZOSC,7728660,15670251
3007,SWOZOSC,7728660,15668462
3008,SWOZOSC,7728660,15668452
3009,SWOZOSC,7728660,15670250
3010,SWOZOSC,7728660,15670252
3011,SWOZSCZ,8092443,15669799
3012,SWOZSCZ,8092443,34987566
3013,SWOZSCZ,8092443,15669884
3014,SWOZSCZ,8092443,34986129
3015,SWOZSCZ,8092443,15669776
3016,SWOZSEO,7382539,15668460
3017,SWOZSEO,7382539,15669778
3018,SWOZSEO,7382539,15669878
3019,SWOZSEO,7382539,15669772
3020,SWOZSEO,7382539,15669760
3021,SWOZZCZ,7450162,15668473
3022,SWOZZCZ,7450162,15668688
3023,SWOZZCZ,7450162,15668378
3024,SWOZZCZ,7450162,15668462
3025,SWOZZCZ,7450162,15668381
3026,SWOZZZE,7727449,15670250
3027,SWOZZZE,7727449,15670252
3028,SWOZZZE,7727449,15670163
3029,SWOZZZE,7727449,7590866
3030,SWOZZZE,7727449,15670192
3031,SWRCCCC,8226852,15669777
3032,SWRCCCC,8226852,15670267
3033,SWRCCCC,8226852,15669856
3034,SWRCCCC,8226852,15669832
3035,SWRCCCC,8226852,15669861
3036,SWRCEHH,8226188,15669777
3037,SWRCEHH,8226188,15668469
3038,SWRCEHH,8226188,15668458
3039,SWRCEHH,8226188,15668380
3040,SWRCEHH,8226188,15668381
3041,SWRCHWS,7712484,15669872
3042,SWRCHWS,7712484,15669780
3043,SWRCHWS,7712484,15668378
3044,SWRCHWS,7712484,15669880
3045,SWRCHWS,7712484,15668478
3046,SWRCLON,8085797,15668471
3047,SWRCLON,8085797,15668460
3048,SWRCLON,8085797,15668467
3049,SWRCLON,8085797,15668451
3050,SWRCLON,8085797,15668685
3051,SWRCNLO,8271902,15668688
3052,SWRCNLO,8271902,15668460
3053,SWRCNLO,8271902,15669760
3054,SWRCNLO,8271902,15668458
3055,SWRCNLO,8271902,15668379
3056,SWRCSSC,7608368,15669832
3057,SWRCSSC,7608368,15668467
3058,SWRCSSC,7608368,15669887
3059,SWRCSSC,7608368,15669817
3060,SWRCSSC,7608368,15668687
3061,SWRCWSC,7617765,15669760
3062,SWRCWSC,7617765,34986125
3063,SWRCWSC,7617765,15669965
3064,SWRCWSC,7617765,34987566
3065,SWRCWSC,7617765,15669884
3066,SWREHHO,8337624,15668379
3067,SWREHHO,8337624,15668451
3068,SWREHHO,8337624,15668465
3069,SWREHHO,8337624,15668460
3070,SWREHHO,8337624,15668471
3071,SWREHOR,8112726,15669869
3072,SWREHOR,8112726,15669781
3073,SWREHOR,8112726,15669777
3074,SWREHOR,8112726,15669878
3075,SWREHOR,8112726,15669861
3076,SWRELHW,7493590,15669864
3077,SWRELHW,7493590,15669878
3078,SWRELHW,7493590,15669772
3079,SWRELHW,7493590,15668381
3080,SWRELHW,7493590,15669760
3081,SWRENHO,7703098,15669885
3082,SWRENHO,7703098,15668449
3083,SWRENHO,7703098,15669778
3084,SWRENHO,7703098,15669772
3085,SWRENHO,7703098,15669866
3086,SWRHCCH,7377566,15669772
3087,SWRHCCH,7377566,15669878
3088,SWRHCCH,7377566,15669769
3089,SWRHCCH,7377566,15668378
3090,SWRHCCH,7377566,15669762
3091,SWRHERW,7344710,15668460
3092,SWRHERW,7344710,15668379
3093,SWRHERW,7344710,15669869
3094,SWRHERW,7344710,15669777
3095,SWRHERW,7344710,15668470
3096,SWRHHWL,7516989,15669764
3097,SWRHHWL,7516989,15668381
3098,SWRHHWL,7516989,15668688
3099,SWRHHWL,7516989,15668462
3100,SWRHHWL,7516989,15669988
3101,SWRHLLZ,8283042,15669859
3102,SWRHLLZ,8283042,15669860
3103,SWRHLLZ,8283042,15669988
3104,SWRHLLZ,8283042,15669866
3105,SWRHLLZ,8283042,15669832
3106,SWRHNSN,8199996,15669863
3107,SWRHNSN,8199996,34986328
3108,SWRHNSN,8199996,15669786
3109,SWRHNSN,8199996,15669818
3110,SWRHNSN,8199996,34987566
3111,SWRHNWW,7654205,15669777
3112,SWRHNWW,7654205,15669776
3113,SWRHNWW,7654205,15669835
3114,SWRHNWW,7654205,15669870
3115,SWRHNWW,7654205,15669886
3116,SWRHRHL,8213552,15669988
3117,SWRHRHL,8213552,15669869
3118,SWRHRHL,8213552,15669772
3119,SWRHRHL,8213552,15669765
3120,SWRHRHL,8213552,15669762
3121,SWRHRLL,8101152,15668381
3122,SWRHRLL,8101152,15668688
3123,SWRHRLL,8101152,15668465
3124,SWRHRLL,8101152,15668462
3125,SWRHRLL,8101152,15668379
3126,SWRHSEW,7382432,15668460
3127,SWRHSEW,7382432,15668467
3128,SWRHSEW,7382432,15668379
3129,SWRHSEW,7382432,15668378
3130,SWRHSEW,7382432,15668473
3131,SWRHWEH,8250969,15668379
3132,SWRHWEH,8250969,15669878
3133,SWRHWEH,8250969,15669832
3134,SWRHWEH,8250969,15668478
3135,SWRHWEH,8250969,7587694
3136,SWRHZOO,8125808,15669857
3137,SWRHZOO,8125808,15669780
3138,SWRHZOO,8125808,15669767
3139,SWRHZOO,8125808,15669880
3140,SWRHZOO,8125808,15669864
3141,SWRHZSH,8262498,34986125
3142,SWRHZSH,8262498,15669760
3143,SWRHZSH,8262498,21409004
3144,SWRHZSH,8262498,15668460
3145,SWRHZSH,8262498,7625765
3146,SWRLHOS,8269031,15670260
3147,SWRLHOS,8269031,15668379
3148,SWRLHOS,8269031,15668594
3149,SWRLHOS,8269031,15670157
3150,SWRLHOS,8269031,34987110
3151,SWRLOEC,8095702,15669780
3152,SWRLOEC,8095702,15669856
3153,SWRLOEC,8095702,15670267
3154,SWRLOEC,8095702,15669886
3155,SWRLOEC,8095702,7580823
3156,SWRLSWR,8158818,15668460
3157,SWRLSWR,8158818,15668449
3158,SWRLSWR,8158818,15668465
3159,SWRLSWR,8158818,15669878
3160,SWRLSWR,8158818,15669835
3161,SWRLWHS,7757462,15670250
3162,SWRLWHS,7757462,15670252
3163,SWRLWHS,7757462,15670144
3164,SWRLWHS,7757462,15670260
3165,SWRLWHS,7757462,15670241
3166,SWRNCEH,7708176,15669863
3167,SWRNCEH,7708176,15668458
3168,SWRNCEH,7708176,15668460
3169,SWRNCEH,7708176,15668383
3170,SWRNCEH,7708176,15668519
3171,SWRNCSS,7448398,15669777
3172,SWRNCSS,7448398,15669880
3173,SWRNCSS,7448398,15669871
3174,SWRNCSS,7448398,15669887
3175,SWRNCSS,7448398,15669815
3176,SWRNEHZ,8070847,7593949
3177,SWRNEHZ,8070847,15668451
3178,SWRNEHZ,8070847,15668688
3179,SWRNEHZ,8070847,15669804
3180,SWRNEHZ,8070847,15669824
3181,SWRNESE,7485532,7590864
3182,SWRNESE,7485532,15668520
3183,SWRNESE,7485532,15668688
3184,SWRNESE,7485532,7590866
3185,SWRNESE,7485532,15668460
3186,SWRNHCS,8105205,15669872
3187,SWRNHCS,8105205,15669869
3188,SWRNHCS,8105205,15669874
3189,SWRNHCS,8105205,15669886
3190,SWRNHCS,8105205,15669817
